gene_id,disease_id,gwas_year,gene_prob,dis_prob,gene_abstract,gene_title,dis_abstract,dis_title,patent_year,num_patents,extensive_flag,gwas_1hop,gwas_2hop,gwas_3hop,gwas_source_1hop,gwas_source_2hop,gwas_source_3hop,gwas_0hop,gwas_level,gwas_year_chosen,gwas_source_gene
7040,D015212,,0.9980162,0.999999,0.0,0.0,0.0,0.0,2000,1,1,2010,,,4088,,,,1,2010,4088
3570,D015212,2016,0.99842894,0.99999815,1.0,0.0,2.0,2.0,2000,2,1,,,,,,,2016.0,0,2016,
1432,D015212,,0.99991775,0.99999905,0.0,0.0,0.0,0.0,2000,3,1,2009,,,2212,,,,1,2009,2212
7040,D015212,,0.9980162,0.999999,0.0,0.0,0.0,0.0,2001,0,0,2010,,,4088,,,,1,2010,4088
3570,D015212,2016,0.99842894,0.99999815,1.0,0.0,2.0,2.0,2001,2,1,,,,,,,2016.0,0,2016,
1432,D015212,,0.99991775,0.99999905,0.0,0.0,0.0,0.0,2001,3,1,2009,,,2212,,,,1,2009,2212
7040,D015212,,0.9980162,0.999999,0.0,0.0,0.0,0.0,2002,0,0,2010,,,4088,,,,1,2010,4088
3570,D015212,2016,0.99842894,0.99999815,1.0,0.0,2.0,2.0,2002,0,0,,,,,,,2016.0,0,2016,
1432,D015212,,0.99991775,0.99999905,0.0,0.0,0.0,0.0,2002,9,1,2009,,,2212,,,,1,2009,2212
7040,D015212,,0.9980162,0.999999,0.0,0.0,0.0,0.0,2003,0,0,2010,,,4088,,,,1,2010,4088
3570,D015212,2016,0.99842894,0.99999815,1.0,0.0,2.0,2.0,2003,1,1,,,,,,,2016.0,0,2016,
1432,D015212,,0.99991775,0.99999905,0.0,0.0,0.0,0.0,2003,13,1,2009,,,2212,,,,1,2009,2212
7040,D015212,,0.9980162,0.999999,0.0,0.0,0.0,0.0,2004,0,0,2010,,,4088,,,,1,2010,4088
3570,D015212,2016,0.99842894,0.99999815,1.0,0.0,2.0,2.0,2004,1,1,,,,,,,2016.0,0,2016,
1432,D015212,,0.99991775,0.99999905,0.0,0.0,0.0,0.0,2004,6,1,2009,,,2212,,,,1,2009,2212
7040,D015212,,0.9980162,0.999999,0.0,0.0,0.0,0.0,2005,0,0,2010,,,4088,,,,1,2010,4088
3570,D015212,2016,0.99842894,0.99999815,1.0,0.0,2.0,2.0,2005,0,0,,,,,,,2016.0,0,2016,
1432,D015212,,0.99991775,0.99999905,0.0,0.0,0.0,0.0,2005,2,1,2009,,,2212,,,,1,2009,2212
7040,D015212,,0.9980162,0.999999,0.0,0.0,0.0,0.0,2006,0,0,2010,,,4088,,,,1,2010,4088
3570,D015212,2016,0.99842894,0.99999815,1.0,0.0,2.0,2.0,2006,0,0,,,,,,,2016.0,0,2016,
1432,D015212,,0.99991775,0.99999905,0.0,0.0,0.0,0.0,2006,3,1,2009,,,2212,,,,1,2009,2212
7040,D015212,,0.9980162,0.999999,0.0,0.0,0.0,0.0,2007,1,1,2010,,,4088,,,,1,2010,4088
3570,D015212,2016,0.99842894,0.99999815,1.0,0.0,2.0,2.0,2007,0,0,,,,,,,2016.0,0,2016,
1432,D015212,,0.99991775,0.99999905,0.0,0.0,0.0,0.0,2007,7,1,2009,,,2212,,,,1,2009,2212
7040,D015212,,0.9980162,0.999999,0.0,0.0,0.0,0.0,2008,2,1,2010,,,4088,,,,1,2010,4088
3570,D015212,2016,0.99842894,0.99999815,1.0,0.0,2.0,2.0,2008,0,0,,,,,,,2016.0,0,2016,
1432,D015212,,0.99991775,0.99999905,0.0,0.0,0.0,0.0,2008,5,1,2009,,,2212,,,,1,2009,2212
7040,D015212,,0.9980162,0.999999,0.0,0.0,0.0,0.0,2009,1,1,2010,,,4088,,,,1,2010,4088
3570,D015212,2016,0.99842894,0.99999815,1.0,0.0,2.0,2.0,2009,0,0,,,,,,,2016.0,0,2016,
1432,D015212,,0.99991775,0.99999905,0.0,0.0,0.0,0.0,2009,0,0,2009,,,2212,,,,1,2009,2212
7040,D015212,,0.9980162,0.999999,0.0,0.0,0.0,0.0,2010,0,0,2010,,,4088,,,,1,2010,4088
3570,D015212,2016,0.99842894,0.99999815,1.0,0.0,2.0,2.0,2010,1,1,,,,,,,2016.0,0,2016,
1432,D015212,,0.99991775,0.99999905,0.0,0.0,0.0,0.0,2010,1,1,2009,,,2212,,,,1,2009,2212
7040,D015212,,0.9980162,0.999999,0.0,0.0,0.0,0.0,2011,0,0,2010,,,4088,,,,1,2010,4088
3570,D015212,2016,0.99842894,0.99999815,1.0,0.0,2.0,2.0,2011,0,0,,,,,,,2016.0,0,2016,
1432,D015212,,0.99991775,0.99999905,0.0,0.0,0.0,0.0,2011,2,1,2009,,,2212,,,,1,2009,2212
7040,D015212,,0.9980162,0.999999,0.0,0.0,0.0,0.0,2012,4,1,2010,,,4088,,,,1,2010,4088
3570,D015212,2016,0.99842894,0.99999815,1.0,0.0,2.0,2.0,2012,1,1,,,,,,,2016.0,0,2016,
1432,D015212,,0.99991775,0.99999905,0.0,0.0,0.0,0.0,2012,6,1,2009,,,2212,,,,1,2009,2212
7040,D015212,,0.9980162,0.999999,0.0,0.0,0.0,0.0,2013,1,1,2010,,,4088,,,,1,2010,4088
3570,D015212,2016,0.99842894,0.99999815,1.0,0.0,2.0,2.0,2013,3,1,,,,,,,2016.0,0,2016,
1432,D015212,,0.99991775,0.99999905,0.0,0.0,0.0,0.0,2013,0,0,2009,,,2212,,,,1,2009,2212
7040,D015212,,0.9980162,0.999999,0.0,0.0,0.0,0.0,2014,3,1,2010,,,4088,,,,1,2010,4088
3570,D015212,2016,0.99842894,0.99999815,1.0,0.0,2.0,2.0,2014,1,1,,,,,,,2016.0,0,2016,
1432,D015212,,0.99991775,0.99999905,0.0,0.0,0.0,0.0,2014,0,0,2009,,,2212,,,,1,2009,2212
7040,D015212,,0.9980162,0.999999,0.0,0.0,0.0,0.0,2015,2,1,2010,,,4088,,,,1,2010,4088
3570,D015212,2016,0.99842894,0.99999815,1.0,0.0,2.0,2.0,2015,3,1,,,,,,,2016.0,0,2016,
1432,D015212,,0.99991775,0.99999905,0.0,0.0,0.0,0.0,2015,0,0,2009,,,2212,,,,1,2009,2212
7040,D015212,,0.9980162,0.999999,0.0,0.0,0.0,0.0,2016,1,1,2010,,,4088,,,,1,2010,4088
3570,D015212,2016,0.99842894,0.99999815,1.0,0.0,2.0,2.0,2016,2,1,,,,,,,2016.0,0,2016,
1432,D015212,,0.99991775,0.99999905,0.0,0.0,0.0,0.0,2016,3,1,2009,,,2212,,,,1,2009,2212
7040,D015212,,0.9980162,0.999999,0.0,0.0,0.0,0.0,2017,4,1,2010,,,4088,,,,1,2010,4088
3570,D015212,2016,0.99842894,0.99999815,1.0,0.0,2.0,2.0,2017,5,1,,,,,,,2016.0,0,2016,
1432,D015212,,0.99991775,0.99999905,0.0,0.0,0.0,0.0,2017,6,1,2009,,,2212,,,,1,2009,2212
7040,D015212,,0.9980162,0.999999,0.0,0.0,0.0,0.0,2018,1,1,2010,,,4088,,,,1,2010,4088
3570,D015212,2016,0.99842894,0.99999815,1.0,0.0,2.0,2.0,2018,3,1,,,,,,,2016.0,0,2016,
1432,D015212,,0.99991775,0.99999905,0.0,0.0,0.0,0.0,2018,1,1,2009,,,2212,,,,1,2009,2212
7040,D015212,,0.9980162,0.999999,0.0,0.0,0.0,0.0,2019,2,1,2010,,,4088,,,,1,2010,4088
3570,D015212,2016,0.99842894,0.99999815,1.0,0.0,2.0,2.0,2019,0,0,,,,,,,2016.0,0,2016,
1432,D015212,,0.99991775,0.99999905,0.0,0.0,0.0,0.0,2019,2,1,2009,,,2212,,,,1,2009,2212
7040,D015212,,0.9980162,0.999999,0.0,0.0,0.0,0.0,2020,4,1,2010,,,4088,,,,1,2010,4088
3570,D015212,2016,0.99842894,0.99999815,1.0,0.0,2.0,2.0,2020,6,1,,,,,,,2016.0,0,2016,
1432,D015212,,0.99991775,0.99999905,0.0,0.0,0.0,0.0,2020,1,1,2009,,,2212,,,,1,2009,2212
5600,D015212,,0.9922778,0.9999986,2.0,0.0,4.0,0.0,2000,0,0,2009,,,2212,,,,1,2009,2212
5600,D015212,,0.9922778,0.9999986,2.0,0.0,4.0,0.0,2001,0,0,2009,,,2212,,,,1,2009,2212
5600,D015212,,0.9922778,0.9999986,2.0,0.0,4.0,0.0,2002,2,1,2009,,,2212,,,,1,2009,2212
5600,D015212,,0.9922778,0.9999986,2.0,0.0,4.0,0.0,2003,0,0,2009,,,2212,,,,1,2009,2212
5600,D015212,,0.9922778,0.9999986,2.0,0.0,4.0,0.0,2004,0,0,2009,,,2212,,,,1,2009,2212
5600,D015212,,0.9922778,0.9999986,2.0,0.0,4.0,0.0,2005,0,0,2009,,,2212,,,,1,2009,2212
5600,D015212,,0.9922778,0.9999986,2.0,0.0,4.0,0.0,2006,0,0,2009,,,2212,,,,1,2009,2212
5600,D015212,,0.9922778,0.9999986,2.0,0.0,4.0,0.0,2007,0,0,2009,,,2212,,,,1,2009,2212
5600,D015212,,0.9922778,0.9999986,2.0,0.0,4.0,0.0,2008,0,0,2009,,,2212,,,,1,2009,2212
5600,D015212,,0.9922778,0.9999986,2.0,0.0,4.0,0.0,2009,0,0,2009,,,2212,,,,1,2009,2212
5600,D015212,,0.9922778,0.9999986,2.0,0.0,4.0,0.0,2010,0,0,2009,,,2212,,,,1,2009,2212
5600,D015212,,0.9922778,0.9999986,2.0,0.0,4.0,0.0,2011,0,0,2009,,,2212,,,,1,2009,2212
5600,D015212,,0.9922778,0.9999986,2.0,0.0,4.0,0.0,2012,0,0,2009,,,2212,,,,1,2009,2212
5600,D015212,,0.9922778,0.9999986,2.0,0.0,4.0,0.0,2013,0,0,2009,,,2212,,,,1,2009,2212
5600,D015212,,0.9922778,0.9999986,2.0,0.0,4.0,0.0,2014,0,0,2009,,,2212,,,,1,2009,2212
5600,D015212,,0.9922778,0.9999986,2.0,0.0,4.0,0.0,2015,0,0,2009,,,2212,,,,1,2009,2212
5600,D015212,,0.9922778,0.9999986,2.0,0.0,4.0,0.0,2016,0,0,2009,,,2212,,,,1,2009,2212
5600,D015212,,0.9922778,0.9999986,2.0,0.0,4.0,0.0,2017,0,0,2009,,,2212,,,,1,2009,2212
5600,D015212,,0.9922778,0.9999986,2.0,0.0,4.0,0.0,2018,0,0,2009,,,2212,,,,1,2009,2212
5600,D015212,,0.9922778,0.9999986,2.0,0.0,4.0,0.0,2019,0,0,2009,,,2212,,,,1,2009,2212
5600,D015212,,0.9922778,0.9999986,2.0,0.0,4.0,0.0,2020,0,0,2009,,,2212,,,,1,2009,2212
3572,D015212,,0.9900905,1.0,1.0,0.0,0.0,0.0,2000,0,0,2008,,,6774,,,,1,2008,6774
3572,D015212,,0.9900905,1.0,1.0,0.0,0.0,0.0,2001,0,0,2008,,,6774,,,,1,2008,6774
3572,D015212,,0.9900905,1.0,1.0,0.0,0.0,0.0,2002,0,0,2008,,,6774,,,,1,2008,6774
3572,D015212,,0.9900905,1.0,1.0,0.0,0.0,0.0,2003,1,1,2008,,,6774,,,,1,2008,6774
3572,D015212,,0.9900905,1.0,1.0,0.0,0.0,0.0,2004,0,0,2008,,,6774,,,,1,2008,6774
3572,D015212,,0.9900905,1.0,1.0,0.0,0.0,0.0,2005,0,0,2008,,,6774,,,,1,2008,6774
3572,D015212,,0.9900905,1.0,1.0,0.0,0.0,0.0,2006,0,0,2008,,,6774,,,,1,2008,6774
3572,D015212,,0.9900905,1.0,1.0,0.0,0.0,0.0,2007,0,0,2008,,,6774,,,,1,2008,6774
3572,D015212,,0.9900905,1.0,1.0,0.0,0.0,0.0,2008,0,0,2008,,,6774,,,,1,2008,6774
3572,D015212,,0.9900905,1.0,1.0,0.0,0.0,0.0,2009,0,0,2008,,,6774,,,,1,2008,6774
3572,D015212,,0.9900905,1.0,1.0,0.0,0.0,0.0,2010,0,0,2008,,,6774,,,,1,2008,6774
3572,D015212,,0.9900905,1.0,1.0,0.0,0.0,0.0,2011,0,0,2008,,,6774,,,,1,2008,6774
3572,D015212,,0.9900905,1.0,1.0,0.0,0.0,0.0,2012,0,0,2008,,,6774,,,,1,2008,6774
3572,D015212,,0.9900905,1.0,1.0,0.0,0.0,0.0,2013,0,0,2008,,,6774,,,,1,2008,6774
3572,D015212,,0.9900905,1.0,1.0,0.0,0.0,0.0,2014,0,0,2008,,,6774,,,,1,2008,6774
3572,D015212,,0.9900905,1.0,1.0,0.0,0.0,0.0,2015,0,0,2008,,,6774,,,,1,2008,6774
3572,D015212,,0.9900905,1.0,1.0,0.0,0.0,0.0,2016,0,0,2008,,,6774,,,,1,2008,6774
3572,D015212,,0.9900905,1.0,1.0,0.0,0.0,0.0,2017,0,0,2008,,,6774,,,,1,2008,6774
3572,D015212,,0.9900905,1.0,1.0,0.0,0.0,0.0,2018,0,0,2008,,,6774,,,,1,2008,6774
3572,D015212,,0.9900905,1.0,1.0,0.0,0.0,0.0,2019,0,0,2008,,,6774,,,,1,2008,6774
3572,D015212,,0.9900905,1.0,1.0,0.0,0.0,0.0,2020,2,1,2008,,,6774,,,,1,2008,6774
3605,D015212,,0.99062634,0.9999984,0.0,0.0,0.0,0.0,2000,0,0,2008,,,6774,,,,1,2008,6774
59067,D015212,,0.99512875,0.9999984,0.0,0.0,0.0,0.0,2000,0,0,2008,,,6774,,,,1,2008,6774
3605,D015212,,0.99062634,0.9999984,0.0,0.0,0.0,0.0,2001,0,0,2008,,,6774,,,,1,2008,6774
59067,D015212,,0.99512875,0.9999984,0.0,0.0,0.0,0.0,2001,0,0,2008,,,6774,,,,1,2008,6774
3605,D015212,,0.99062634,0.9999984,0.0,0.0,0.0,0.0,2002,0,0,2008,,,6774,,,,1,2008,6774
59067,D015212,,0.99512875,0.9999984,0.0,0.0,0.0,0.0,2002,0,0,2008,,,6774,,,,1,2008,6774
3605,D015212,,0.99062634,0.9999984,0.0,0.0,0.0,0.0,2003,0,0,2008,,,6774,,,,1,2008,6774
59067,D015212,,0.99512875,0.9999984,0.0,0.0,0.0,0.0,2003,0,0,2008,,,6774,,,,1,2008,6774
3605,D015212,,0.99062634,0.9999984,0.0,0.0,0.0,0.0,2004,0,0,2008,,,6774,,,,1,2008,6774
59067,D015212,,0.99512875,0.9999984,0.0,0.0,0.0,0.0,2004,0,0,2008,,,6774,,,,1,2008,6774
3605,D015212,,0.99062634,0.9999984,0.0,0.0,0.0,0.0,2005,1,1,2008,,,6774,,,,1,2008,6774
59067,D015212,,0.99512875,0.9999984,0.0,0.0,0.0,0.0,2005,1,1,2008,,,6774,,,,1,2008,6774
3605,D015212,,0.99062634,0.9999984,0.0,0.0,0.0,0.0,2006,1,1,2008,,,6774,,,,1,2008,6774
59067,D015212,,0.99512875,0.9999984,0.0,0.0,0.0,0.0,2006,0,0,2008,,,6774,,,,1,2008,6774
3605,D015212,,0.99062634,0.9999984,0.0,0.0,0.0,0.0,2007,0,0,2008,,,6774,,,,1,2008,6774
59067,D015212,,0.99512875,0.9999984,0.0,0.0,0.0,0.0,2007,2,1,2008,,,6774,,,,1,2008,6774
3605,D015212,,0.99062634,0.9999984,0.0,0.0,0.0,0.0,2008,0,0,2008,,,6774,,,,1,2008,6774
59067,D015212,,0.99512875,0.9999984,0.0,0.0,0.0,0.0,2008,0,0,2008,,,6774,,,,1,2008,6774
3605,D015212,,0.99062634,0.9999984,0.0,0.0,0.0,0.0,2009,1,1,2008,,,6774,,,,1,2008,6774
59067,D015212,,0.99512875,0.9999984,0.0,0.0,0.0,0.0,2009,0,0,2008,,,6774,,,,1,2008,6774
3605,D015212,,0.99062634,0.9999984,0.0,0.0,0.0,0.0,2010,0,0,2008,,,6774,,,,1,2008,6774
59067,D015212,,0.99512875,0.9999984,0.0,0.0,0.0,0.0,2010,1,1,2008,,,6774,,,,1,2008,6774
3605,D015212,,0.99062634,0.9999984,0.0,0.0,0.0,0.0,2011,2,1,2008,,,6774,,,,1,2008,6774
59067,D015212,,0.99512875,0.9999984,0.0,0.0,0.0,0.0,2011,1,1,2008,,,6774,,,,1,2008,6774
3605,D015212,,0.99062634,0.9999984,0.0,0.0,0.0,0.0,2012,2,1,2008,,,6774,,,,1,2008,6774
59067,D015212,,0.99512875,0.9999984,0.0,0.0,0.0,0.0,2012,1,1,2008,,,6774,,,,1,2008,6774
3605,D015212,,0.99062634,0.9999984,0.0,0.0,0.0,0.0,2013,3,1,2008,,,6774,,,,1,2008,6774
59067,D015212,,0.99512875,0.9999984,0.0,0.0,0.0,0.0,2013,2,1,2008,,,6774,,,,1,2008,6774
3605,D015212,,0.99062634,0.9999984,0.0,0.0,0.0,0.0,2014,1,1,2008,,,6774,,,,1,2008,6774
59067,D015212,,0.99512875,0.9999984,0.0,0.0,0.0,0.0,2014,1,1,2008,,,6774,,,,1,2008,6774
3605,D015212,,0.99062634,0.9999984,0.0,0.0,0.0,0.0,2015,3,1,2008,,,6774,,,,1,2008,6774
59067,D015212,,0.99512875,0.9999984,0.0,0.0,0.0,0.0,2015,1,1,2008,,,6774,,,,1,2008,6774
3605,D015212,,0.99062634,0.9999984,0.0,0.0,0.0,0.0,2016,3,1,2008,,,6774,,,,1,2008,6774
59067,D015212,,0.99512875,0.9999984,0.0,0.0,0.0,0.0,2016,2,1,2008,,,6774,,,,1,2008,6774
3605,D015212,,0.99062634,0.9999984,0.0,0.0,0.0,0.0,2017,7,1,2008,,,6774,,,,1,2008,6774
59067,D015212,,0.99512875,0.9999984,0.0,0.0,0.0,0.0,2017,0,0,2008,,,6774,,,,1,2008,6774
3605,D015212,,0.99062634,0.9999984,0.0,0.0,0.0,0.0,2018,6,1,2008,,,6774,,,,1,2008,6774
59067,D015212,,0.99512875,0.9999984,0.0,0.0,0.0,0.0,2018,2,1,2008,,,6774,,,,1,2008,6774
3605,D015212,,0.99062634,0.9999984,0.0,0.0,0.0,0.0,2019,8,1,2008,,,6774,,,,1,2008,6774
59067,D015212,,0.99512875,0.9999984,0.0,0.0,0.0,0.0,2019,1,1,2008,,,6774,,,,1,2008,6774
3605,D015212,,0.99062634,0.9999984,0.0,0.0,0.0,0.0,2020,10,1,2008,,,6774,,,,1,2008,6774
59067,D015212,,0.99512875,0.9999984,0.0,0.0,0.0,0.0,2020,2,1,2008,,,6774,,,,1,2008,6774
6774,D015212,2008,0.9951329,0.99999905,0.0,0.0,0.0,0.0,2000,0,0,,,,,,,2008.0,0,2008,
6774,D015212,2008,0.9951329,0.99999905,0.0,0.0,0.0,0.0,2001,0,0,,,,,,,2008.0,0,2008,
6774,D015212,2008,0.9951329,0.99999905,0.0,0.0,0.0,0.0,2002,0,0,,,,,,,2008.0,0,2008,
6774,D015212,2008,0.9951329,0.99999905,0.0,0.0,0.0,0.0,2003,0,0,,,,,,,2008.0,0,2008,
6774,D015212,2008,0.9951329,0.99999905,0.0,0.0,0.0,0.0,2004,0,0,,,,,,,2008.0,0,2008,
6774,D015212,2008,0.9951329,0.99999905,0.0,0.0,0.0,0.0,2005,0,0,,,,,,,2008.0,0,2008,
6774,D015212,2008,0.9951329,0.99999905,0.0,0.0,0.0,0.0,2006,1,1,,,,,,,2008.0,0,2008,
6774,D015212,2008,0.9951329,0.99999905,0.0,0.0,0.0,0.0,2007,0,0,,,,,,,2008.0,0,2008,
6774,D015212,2008,0.9951329,0.99999905,0.0,0.0,0.0,0.0,2008,0,0,,,,,,,2008.0,0,2008,
6774,D015212,2008,0.9951329,0.99999905,0.0,0.0,0.0,0.0,2009,0,0,,,,,,,2008.0,0,2008,
6774,D015212,2008,0.9951329,0.99999905,0.0,0.0,0.0,0.0,2010,0,0,,,,,,,2008.0,0,2008,
6774,D015212,2008,0.9951329,0.99999905,0.0,0.0,0.0,0.0,2011,0,0,,,,,,,2008.0,0,2008,
6774,D015212,2008,0.9951329,0.99999905,0.0,0.0,0.0,0.0,2012,0,0,,,,,,,2008.0,0,2008,
6774,D015212,2008,0.9951329,0.99999905,0.0,0.0,0.0,0.0,2013,1,1,,,,,,,2008.0,0,2008,
6774,D015212,2008,0.9951329,0.99999905,0.0,0.0,0.0,0.0,2014,3,1,,,,,,,2008.0,0,2008,
6774,D015212,2008,0.9951329,0.99999905,0.0,0.0,0.0,0.0,2015,1,1,,,,,,,2008.0,0,2008,
6774,D015212,2008,0.9951329,0.99999905,0.0,0.0,0.0,0.0,2016,1,1,,,,,,,2008.0,0,2008,
6774,D015212,2008,0.9951329,0.99999905,0.0,0.0,0.0,0.0,2017,0,0,,,,,,,2008.0,0,2008,
6774,D015212,2008,0.9951329,0.99999905,0.0,0.0,0.0,0.0,2018,2,1,,,,,,,2008.0,0,2008,
6774,D015212,2008,0.9951329,0.99999905,0.0,0.0,0.0,0.0,2019,3,1,,,,,,,2008.0,0,2008,
6774,D015212,2008,0.9951329,0.99999905,0.0,0.0,0.0,0.0,2020,5,1,,,,,,,2008.0,0,2008,
50615,D015212,,0.9984291,0.9999992,5.0,1.0,0.0,0.0,2000,0,0,2008,,,6774,,,,1,2008,6774
50616,D015212,,0.9931878,0.9999992,0.0,0.0,0.0,0.0,2000,0,0,2008,,,6774,,,,1,2008,6774
2475,D015212,,0.99525166,0.9999988,0.0,0.0,7.0,0.0,2000,0,0,2012,,,5579,,,,1,2012,5579
50615,D015212,,0.9984291,0.9999992,5.0,1.0,0.0,0.0,2001,0,0,2008,,,6774,,,,1,2008,6774
50616,D015212,,0.9931878,0.9999992,0.0,0.0,0.0,0.0,2001,0,0,2008,,,6774,,,,1,2008,6774
2475,D015212,,0.99525166,0.9999988,0.0,0.0,7.0,0.0,2001,0,0,2012,,,5579,,,,1,2012,5579
50615,D015212,,0.9984291,0.9999992,5.0,1.0,0.0,0.0,2002,0,0,2008,,,6774,,,,1,2008,6774
50616,D015212,,0.9931878,0.9999992,0.0,0.0,0.0,0.0,2002,0,0,2008,,,6774,,,,1,2008,6774
2475,D015212,,0.99525166,0.9999988,0.0,0.0,7.0,0.0,2002,0,0,2012,,,5579,,,,1,2012,5579
50615,D015212,,0.9984291,0.9999992,5.0,1.0,0.0,0.0,2003,0,0,2008,,,6774,,,,1,2008,6774
50616,D015212,,0.9931878,0.9999992,0.0,0.0,0.0,0.0,2003,0,0,2008,,,6774,,,,1,2008,6774
2475,D015212,,0.99525166,0.9999988,0.0,0.0,7.0,0.0,2003,0,0,2012,,,5579,,,,1,2012,5579
50615,D015212,,0.9984291,0.9999992,5.0,1.0,0.0,0.0,2004,0,0,2008,,,6774,,,,1,2008,6774
50616,D015212,,0.9931878,0.9999992,0.0,0.0,0.0,0.0,2004,0,0,2008,,,6774,,,,1,2008,6774
2475,D015212,,0.99525166,0.9999988,0.0,0.0,7.0,0.0,2004,0,0,2012,,,5579,,,,1,2012,5579
50615,D015212,,0.9984291,0.9999992,5.0,1.0,0.0,0.0,2005,0,0,2008,,,6774,,,,1,2008,6774
50616,D015212,,0.9931878,0.9999992,0.0,0.0,0.0,0.0,2005,0,0,2008,,,6774,,,,1,2008,6774
2475,D015212,,0.99525166,0.9999988,0.0,0.0,7.0,0.0,2005,0,0,2012,,,5579,,,,1,2012,5579
50615,D015212,,0.9984291,0.9999992,5.0,1.0,0.0,0.0,2006,0,0,2008,,,6774,,,,1,2008,6774
50616,D015212,,0.9931878,0.9999992,0.0,0.0,0.0,0.0,2006,0,0,2008,,,6774,,,,1,2008,6774
2475,D015212,,0.99525166,0.9999988,0.0,0.0,7.0,0.0,2006,0,0,2012,,,5579,,,,1,2012,5579
50615,D015212,,0.9984291,0.9999992,5.0,1.0,0.0,0.0,2007,1,1,2008,,,6774,,,,1,2008,6774
50616,D015212,,0.9931878,0.9999992,0.0,0.0,0.0,0.0,2007,1,1,2008,,,6774,,,,1,2008,6774
2475,D015212,,0.99525166,0.9999988,0.0,0.0,7.0,0.0,2007,1,1,2012,,,5579,,,,1,2012,5579
50615,D015212,,0.9984291,0.9999992,5.0,1.0,0.0,0.0,2008,0,0,2008,,,6774,,,,1,2008,6774
50616,D015212,,0.9931878,0.9999992,0.0,0.0,0.0,0.0,2008,0,0,2008,,,6774,,,,1,2008,6774
2475,D015212,,0.99525166,0.9999988,0.0,0.0,7.0,0.0,2008,0,0,2012,,,5579,,,,1,2012,5579
50615,D015212,,0.9984291,0.9999992,5.0,1.0,0.0,0.0,2009,0,0,2008,,,6774,,,,1,2008,6774
50616,D015212,,0.9931878,0.9999992,0.0,0.0,0.0,0.0,2009,1,1,2008,,,6774,,,,1,2008,6774
2475,D015212,,0.99525166,0.9999988,0.0,0.0,7.0,0.0,2009,0,0,2012,,,5579,,,,1,2012,5579
50615,D015212,,0.9984291,0.9999992,5.0,1.0,0.0,0.0,2010,0,0,2008,,,6774,,,,1,2008,6774
50616,D015212,,0.9931878,0.9999992,0.0,0.0,0.0,0.0,2010,0,0,2008,,,6774,,,,1,2008,6774
2475,D015212,,0.99525166,0.9999988,0.0,0.0,7.0,0.0,2010,0,0,2012,,,5579,,,,1,2012,5579
50615,D015212,,0.9984291,0.9999992,5.0,1.0,0.0,0.0,2011,1,1,2008,,,6774,,,,1,2008,6774
50616,D015212,,0.9931878,0.9999992,0.0,0.0,0.0,0.0,2011,1,1,2008,,,6774,,,,1,2008,6774
2475,D015212,,0.99525166,0.9999988,0.0,0.0,7.0,0.0,2011,0,0,2012,,,5579,,,,1,2012,5579
50615,D015212,,0.9984291,0.9999992,5.0,1.0,0.0,0.0,2012,1,1,2008,,,6774,,,,1,2008,6774
50616,D015212,,0.9931878,0.9999992,0.0,0.0,0.0,0.0,2012,1,1,2008,,,6774,,,,1,2008,6774
2475,D015212,,0.99525166,0.9999988,0.0,0.0,7.0,0.0,2012,1,1,2012,,,5579,,,,1,2012,5579
50615,D015212,,0.9984291,0.9999992,5.0,1.0,0.0,0.0,2013,0,0,2008,,,6774,,,,1,2008,6774
50616,D015212,,0.9931878,0.9999992,0.0,0.0,0.0,0.0,2013,2,1,2008,,,6774,,,,1,2008,6774
2475,D015212,,0.99525166,0.9999988,0.0,0.0,7.0,0.0,2013,0,0,2012,,,5579,,,,1,2012,5579
50615,D015212,,0.9984291,0.9999992,5.0,1.0,0.0,0.0,2014,1,1,2008,,,6774,,,,1,2008,6774
50616,D015212,,0.9931878,0.9999992,0.0,0.0,0.0,0.0,2014,1,1,2008,,,6774,,,,1,2008,6774
2475,D015212,,0.99525166,0.9999988,0.0,0.0,7.0,0.0,2014,3,1,2012,,,5579,,,,1,2012,5579
50615,D015212,,0.9984291,0.9999992,5.0,1.0,0.0,0.0,2015,0,0,2008,,,6774,,,,1,2008,6774
50616,D015212,,0.9931878,0.9999992,0.0,0.0,0.0,0.0,2015,0,0,2008,,,6774,,,,1,2008,6774
2475,D015212,,0.99525166,0.9999988,0.0,0.0,7.0,0.0,2015,0,0,2012,,,5579,,,,1,2012,5579
50615,D015212,,0.9984291,0.9999992,5.0,1.0,0.0,0.0,2016,1,1,2008,,,6774,,,,1,2008,6774
50616,D015212,,0.9931878,0.9999992,0.0,0.0,0.0,0.0,2016,0,0,2008,,,6774,,,,1,2008,6774
2475,D015212,,0.99525166,0.9999988,0.0,0.0,7.0,0.0,2016,0,0,2012,,,5579,,,,1,2012,5579
50615,D015212,,0.9984291,0.9999992,5.0,1.0,0.0,0.0,2017,0,0,2008,,,6774,,,,1,2008,6774
50616,D015212,,0.9931878,0.9999992,0.0,0.0,0.0,0.0,2017,2,1,2008,,,6774,,,,1,2008,6774
2475,D015212,,0.99525166,0.9999988,0.0,0.0,7.0,0.0,2017,4,1,2012,,,5579,,,,1,2012,5579
50615,D015212,,0.9984291,0.9999992,5.0,1.0,0.0,0.0,2018,1,1,2008,,,6774,,,,1,2008,6774
50616,D015212,,0.9931878,0.9999992,0.0,0.0,0.0,0.0,2018,2,1,2008,,,6774,,,,1,2008,6774
2475,D015212,,0.99525166,0.9999988,0.0,0.0,7.0,0.0,2018,0,0,2012,,,5579,,,,1,2012,5579
50615,D015212,,0.9984291,0.9999992,5.0,1.0,0.0,0.0,2019,0,0,2008,,,6774,,,,1,2008,6774
50616,D015212,,0.9931878,0.9999992,0.0,0.0,0.0,0.0,2019,2,1,2008,,,6774,,,,1,2008,6774
2475,D015212,,0.99525166,0.9999988,0.0,0.0,7.0,0.0,2019,2,1,2012,,,5579,,,,1,2012,5579
50615,D015212,,0.9984291,0.9999992,5.0,1.0,0.0,0.0,2020,2,1,2008,,,6774,,,,1,2008,6774
50616,D015212,,0.9931878,0.9999992,0.0,0.0,0.0,0.0,2020,2,1,2008,,,6774,,,,1,2008,6774
2475,D015212,,0.99525166,0.9999988,0.0,0.0,7.0,0.0,2020,2,1,2012,,,5579,,,,1,2012,5579
4089,D015212,,0.9910205,0.99999887,0.0,0.0,0.0,0.0,2000,0,0,2007,,,149233,,,,1,2007,149233
4089,D015212,,0.9910205,0.99999887,0.0,0.0,0.0,0.0,2001,0,0,2007,,,149233,,,,1,2007,149233
4089,D015212,,0.9910205,0.99999887,0.0,0.0,0.0,0.0,2002,0,0,2007,,,149233,,,,1,2007,149233
4089,D015212,,0.9910205,0.99999887,0.0,0.0,0.0,0.0,2003,0,0,2007,,,149233,,,,1,2007,149233
4089,D015212,,0.9910205,0.99999887,0.0,0.0,0.0,0.0,2004,0,0,2007,,,149233,,,,1,2007,149233
4089,D015212,,0.9910205,0.99999887,0.0,0.0,0.0,0.0,2005,0,0,2007,,,149233,,,,1,2007,149233
4089,D015212,,0.9910205,0.99999887,0.0,0.0,0.0,0.0,2006,0,0,2007,,,149233,,,,1,2007,149233
4089,D015212,,0.9910205,0.99999887,0.0,0.0,0.0,0.0,2007,0,0,2007,,,149233,,,,1,2007,149233
4089,D015212,,0.9910205,0.99999887,0.0,0.0,0.0,0.0,2008,1,1,2007,,,149233,,,,1,2007,149233
4089,D015212,,0.9910205,0.99999887,0.0,0.0,0.0,0.0,2009,0,0,2007,,,149233,,,,1,2007,149233
4089,D015212,,0.9910205,0.99999887,0.0,0.0,0.0,0.0,2010,0,0,2007,,,149233,,,,1,2007,149233
4089,D015212,,0.9910205,0.99999887,0.0,0.0,0.0,0.0,2011,0,0,2007,,,149233,,,,1,2007,149233
4089,D015212,,0.9910205,0.99999887,0.0,0.0,0.0,0.0,2012,0,0,2007,,,149233,,,,1,2007,149233
4089,D015212,,0.9910205,0.99999887,0.0,0.0,0.0,0.0,2013,0,0,2007,,,149233,,,,1,2007,149233
4089,D015212,,0.9910205,0.99999887,0.0,0.0,0.0,0.0,2014,0,0,2007,,,149233,,,,1,2007,149233
4089,D015212,,0.9910205,0.99999887,0.0,0.0,0.0,0.0,2015,0,0,2007,,,149233,,,,1,2007,149233
4089,D015212,,0.9910205,0.99999887,0.0,0.0,0.0,0.0,2016,0,0,2007,,,149233,,,,1,2007,149233
4089,D015212,,0.9910205,0.99999887,0.0,0.0,0.0,0.0,2017,0,0,2007,,,149233,,,,1,2007,149233
4089,D015212,,0.9910205,0.99999887,0.0,0.0,0.0,0.0,2018,0,0,2007,,,149233,,,,1,2007,149233
4089,D015212,,0.9910205,0.99999887,0.0,0.0,0.0,0.0,2019,0,0,2007,,,149233,,,,1,2007,149233
4089,D015212,,0.9910205,0.99999887,0.0,0.0,0.0,0.0,2020,0,0,2007,,,149233,,,,1,2007,149233
112744,D015212,,0.9946507,0.9999935,1.0,0.0,0.0,0.0,2000,0,0,2008,,,6774,,,,1,2008,6774
112744,D015212,,0.9946507,0.9999935,1.0,0.0,0.0,0.0,2001,0,0,2008,,,6774,,,,1,2008,6774
112744,D015212,,0.9946507,0.9999935,1.0,0.0,0.0,0.0,2002,0,0,2008,,,6774,,,,1,2008,6774
112744,D015212,,0.9946507,0.9999935,1.0,0.0,0.0,0.0,2003,0,0,2008,,,6774,,,,1,2008,6774
112744,D015212,,0.9946507,0.9999935,1.0,0.0,0.0,0.0,2004,0,0,2008,,,6774,,,,1,2008,6774
112744,D015212,,0.9946507,0.9999935,1.0,0.0,0.0,0.0,2005,0,0,2008,,,6774,,,,1,2008,6774
112744,D015212,,0.9946507,0.9999935,1.0,0.0,0.0,0.0,2006,0,0,2008,,,6774,,,,1,2008,6774
112744,D015212,,0.9946507,0.9999935,1.0,0.0,0.0,0.0,2007,0,0,2008,,,6774,,,,1,2008,6774
112744,D015212,,0.9946507,0.9999935,1.0,0.0,0.0,0.0,2008,0,0,2008,,,6774,,,,1,2008,6774
112744,D015212,,0.9946507,0.9999935,1.0,0.0,0.0,0.0,2009,2,1,2008,,,6774,,,,1,2008,6774
112744,D015212,,0.9946507,0.9999935,1.0,0.0,0.0,0.0,2010,0,0,2008,,,6774,,,,1,2008,6774
112744,D015212,,0.9946507,0.9999935,1.0,0.0,0.0,0.0,2011,2,1,2008,,,6774,,,,1,2008,6774
112744,D015212,,0.9946507,0.9999935,1.0,0.0,0.0,0.0,2012,1,1,2008,,,6774,,,,1,2008,6774
112744,D015212,,0.9946507,0.9999935,1.0,0.0,0.0,0.0,2013,1,1,2008,,,6774,,,,1,2008,6774
112744,D015212,,0.9946507,0.9999935,1.0,0.0,0.0,0.0,2014,1,1,2008,,,6774,,,,1,2008,6774
112744,D015212,,0.9946507,0.9999935,1.0,0.0,0.0,0.0,2015,0,0,2008,,,6774,,,,1,2008,6774
112744,D015212,,0.9946507,0.9999935,1.0,0.0,0.0,0.0,2016,1,1,2008,,,6774,,,,1,2008,6774
112744,D015212,,0.9946507,0.9999935,1.0,0.0,0.0,0.0,2017,4,1,2008,,,6774,,,,1,2008,6774
112744,D015212,,0.9946507,0.9999935,1.0,0.0,0.0,0.0,2018,4,1,2008,,,6774,,,,1,2008,6774
112744,D015212,,0.9946507,0.9999935,1.0,0.0,0.0,0.0,2019,3,1,2008,,,6774,,,,1,2008,6774
112744,D015212,,0.9946507,0.9999935,1.0,0.0,0.0,0.0,2020,7,1,2008,,,6774,,,,1,2008,6774
7046,D015212,,0.99826527,0.99999857,0.0,0.0,0.0,0.0,2000,0,0,2010,,,4088,,,,1,2010,4088
7046,D015212,,0.99826527,0.99999857,0.0,0.0,0.0,0.0,2001,0,0,2010,,,4088,,,,1,2010,4088
7046,D015212,,0.99826527,0.99999857,0.0,0.0,0.0,0.0,2002,0,0,2010,,,4088,,,,1,2010,4088
7046,D015212,,0.99826527,0.99999857,0.0,0.0,0.0,0.0,2003,0,0,2010,,,4088,,,,1,2010,4088
7046,D015212,,0.99826527,0.99999857,0.0,0.0,0.0,0.0,2004,0,0,2010,,,4088,,,,1,2010,4088
7046,D015212,,0.99826527,0.99999857,0.0,0.0,0.0,0.0,2005,0,0,2010,,,4088,,,,1,2010,4088
7046,D015212,,0.99826527,0.99999857,0.0,0.0,0.0,0.0,2006,0,0,2010,,,4088,,,,1,2010,4088
7046,D015212,,0.99826527,0.99999857,0.0,0.0,0.0,0.0,2007,0,0,2010,,,4088,,,,1,2010,4088
7046,D015212,,0.99826527,0.99999857,0.0,0.0,0.0,0.0,2008,0,0,2010,,,4088,,,,1,2010,4088
7046,D015212,,0.99826527,0.99999857,0.0,0.0,0.0,0.0,2009,0,0,2010,,,4088,,,,1,2010,4088
7046,D015212,,0.99826527,0.99999857,0.0,0.0,0.0,0.0,2010,1,1,2010,,,4088,,,,1,2010,4088
7046,D015212,,0.99826527,0.99999857,0.0,0.0,0.0,0.0,2011,0,0,2010,,,4088,,,,1,2010,4088
7046,D015212,,0.99826527,0.99999857,0.0,0.0,0.0,0.0,2012,0,0,2010,,,4088,,,,1,2010,4088
7046,D015212,,0.99826527,0.99999857,0.0,0.0,0.0,0.0,2013,0,0,2010,,,4088,,,,1,2010,4088
7046,D015212,,0.99826527,0.99999857,0.0,0.0,0.0,0.0,2014,0,0,2010,,,4088,,,,1,2010,4088
7046,D015212,,0.99826527,0.99999857,0.0,0.0,0.0,0.0,2015,0,0,2010,,,4088,,,,1,2010,4088
7046,D015212,,0.99826527,0.99999857,0.0,0.0,0.0,0.0,2016,0,0,2010,,,4088,,,,1,2010,4088
7046,D015212,,0.99826527,0.99999857,0.0,0.0,0.0,0.0,2017,1,1,2010,,,4088,,,,1,2010,4088
7046,D015212,,0.99826527,0.99999857,0.0,0.0,0.0,0.0,2018,0,0,2010,,,4088,,,,1,2010,4088
7046,D015212,,0.99826527,0.99999857,0.0,0.0,0.0,0.0,2019,1,1,2010,,,4088,,,,1,2010,4088
7046,D015212,,0.99826527,0.99999857,0.0,0.0,0.0,0.0,2020,0,0,2010,,,4088,,,,1,2010,4088
4773,D015212,,0.99312323,0.9999973,2.0,1.0,0.0,0.0,2000,0,0,2009,,,3586,,,,1,2009,3586
4773,D015212,,0.99312323,0.9999973,2.0,1.0,0.0,0.0,2001,0,0,2009,,,3586,,,,1,2009,3586
4773,D015212,,0.99312323,0.9999973,2.0,1.0,0.0,0.0,2002,0,0,2009,,,3586,,,,1,2009,3586
4773,D015212,,0.99312323,0.9999973,2.0,1.0,0.0,0.0,2003,0,0,2009,,,3586,,,,1,2009,3586
4773,D015212,,0.99312323,0.9999973,2.0,1.0,0.0,0.0,2004,0,0,2009,,,3586,,,,1,2009,3586
4773,D015212,,0.99312323,0.9999973,2.0,1.0,0.0,0.0,2005,0,0,2009,,,3586,,,,1,2009,3586
4773,D015212,,0.99312323,0.9999973,2.0,1.0,0.0,0.0,2006,0,0,2009,,,3586,,,,1,2009,3586
4773,D015212,,0.99312323,0.9999973,2.0,1.0,0.0,0.0,2007,0,0,2009,,,3586,,,,1,2009,3586
4773,D015212,,0.99312323,0.9999973,2.0,1.0,0.0,0.0,2008,0,0,2009,,,3586,,,,1,2009,3586
4773,D015212,,0.99312323,0.9999973,2.0,1.0,0.0,0.0,2009,0,0,2009,,,3586,,,,1,2009,3586
4773,D015212,,0.99312323,0.9999973,2.0,1.0,0.0,0.0,2010,0,0,2009,,,3586,,,,1,2009,3586
4773,D015212,,0.99312323,0.9999973,2.0,1.0,0.0,0.0,2011,1,1,2009,,,3586,,,,1,2009,3586
4773,D015212,,0.99312323,0.9999973,2.0,1.0,0.0,0.0,2012,0,0,2009,,,3586,,,,1,2009,3586
4773,D015212,,0.99312323,0.9999973,2.0,1.0,0.0,0.0,2013,1,1,2009,,,3586,,,,1,2009,3586
4773,D015212,,0.99312323,0.9999973,2.0,1.0,0.0,0.0,2014,0,0,2009,,,3586,,,,1,2009,3586
4773,D015212,,0.99312323,0.9999973,2.0,1.0,0.0,0.0,2015,0,0,2009,,,3586,,,,1,2009,3586
4773,D015212,,0.99312323,0.9999973,2.0,1.0,0.0,0.0,2016,1,1,2009,,,3586,,,,1,2009,3586
4773,D015212,,0.99312323,0.9999973,2.0,1.0,0.0,0.0,2017,1,1,2009,,,3586,,,,1,2009,3586
4773,D015212,,0.99312323,0.9999973,2.0,1.0,0.0,0.0,2018,0,0,2009,,,3586,,,,1,2009,3586
4773,D015212,,0.99312323,0.9999973,2.0,1.0,0.0,0.0,2019,1,1,2009,,,3586,,,,1,2009,3586
4773,D015212,,0.99312323,0.9999973,2.0,1.0,0.0,0.0,2020,0,0,2009,,,3586,,,,1,2009,3586
3091,D015212,,0.9930017,0.99998903,0.0,0.0,0.0,0.0,2000,0,0,2008,,,6774,,,,1,2008,6774
149233,D015212,2007,0.9984976,0.9999993,7.0,2.0,4.0,2.0,2000,0,0,,,,,,,2007.0,0,2007,
3091,D015212,,0.9930017,0.99998903,0.0,0.0,0.0,0.0,2001,0,0,2008,,,6774,,,,1,2008,6774
149233,D015212,2007,0.9984976,0.9999993,7.0,2.0,4.0,2.0,2001,0,0,,,,,,,2007.0,0,2007,
3091,D015212,,0.9930017,0.99998903,0.0,0.0,0.0,0.0,2002,0,0,2008,,,6774,,,,1,2008,6774
149233,D015212,2007,0.9984976,0.9999993,7.0,2.0,4.0,2.0,2002,0,0,,,,,,,2007.0,0,2007,
3091,D015212,,0.9930017,0.99998903,0.0,0.0,0.0,0.0,2003,0,0,2008,,,6774,,,,1,2008,6774
149233,D015212,2007,0.9984976,0.9999993,7.0,2.0,4.0,2.0,2003,0,0,,,,,,,2007.0,0,2007,
3091,D015212,,0.9930017,0.99998903,0.0,0.0,0.0,0.0,2004,0,0,2008,,,6774,,,,1,2008,6774
149233,D015212,2007,0.9984976,0.9999993,7.0,2.0,4.0,2.0,2004,0,0,,,,,,,2007.0,0,2007,
3091,D015212,,0.9930017,0.99998903,0.0,0.0,0.0,0.0,2005,0,0,2008,,,6774,,,,1,2008,6774
149233,D015212,2007,0.9984976,0.9999993,7.0,2.0,4.0,2.0,2005,0,0,,,,,,,2007.0,0,2007,
3091,D015212,,0.9930017,0.99998903,0.0,0.0,0.0,0.0,2006,0,0,2008,,,6774,,,,1,2008,6774
149233,D015212,2007,0.9984976,0.9999993,7.0,2.0,4.0,2.0,2006,0,0,,,,,,,2007.0,0,2007,
3091,D015212,,0.9930017,0.99998903,0.0,0.0,0.0,0.0,2007,0,0,2008,,,6774,,,,1,2008,6774
149233,D015212,2007,0.9984976,0.9999993,7.0,2.0,4.0,2.0,2007,0,0,,,,,,,2007.0,0,2007,
3091,D015212,,0.9930017,0.99998903,0.0,0.0,0.0,0.0,2008,0,0,2008,,,6774,,,,1,2008,6774
149233,D015212,2007,0.9984976,0.9999993,7.0,2.0,4.0,2.0,2008,0,0,,,,,,,2007.0,0,2007,
3091,D015212,,0.9930017,0.99998903,0.0,0.0,0.0,0.0,2009,0,0,2008,,,6774,,,,1,2008,6774
149233,D015212,2007,0.9984976,0.9999993,7.0,2.0,4.0,2.0,2009,0,0,,,,,,,2007.0,0,2007,
3091,D015212,,0.9930017,0.99998903,0.0,0.0,0.0,0.0,2010,0,0,2008,,,6774,,,,1,2008,6774
149233,D015212,2007,0.9984976,0.9999993,7.0,2.0,4.0,2.0,2010,0,0,,,,,,,2007.0,0,2007,
3091,D015212,,0.9930017,0.99998903,0.0,0.0,0.0,0.0,2011,0,0,2008,,,6774,,,,1,2008,6774
149233,D015212,2007,0.9984976,0.9999993,7.0,2.0,4.0,2.0,2011,0,0,,,,,,,2007.0,0,2007,
3091,D015212,,0.9930017,0.99998903,0.0,0.0,0.0,0.0,2012,4,1,2008,,,6774,,,,1,2008,6774
149233,D015212,2007,0.9984976,0.9999993,7.0,2.0,4.0,2.0,2012,1,1,,,,,,,2007.0,0,2007,
3091,D015212,,0.9930017,0.99998903,0.0,0.0,0.0,0.0,2013,2,1,2008,,,6774,,,,1,2008,6774
149233,D015212,2007,0.9984976,0.9999993,7.0,2.0,4.0,2.0,2013,2,1,,,,,,,2007.0,0,2007,
3091,D015212,,0.9930017,0.99998903,0.0,0.0,0.0,0.0,2014,1,1,2008,,,6774,,,,1,2008,6774
149233,D015212,2007,0.9984976,0.9999993,7.0,2.0,4.0,2.0,2014,1,1,,,,,,,2007.0,0,2007,
3091,D015212,,0.9930017,0.99998903,0.0,0.0,0.0,0.0,2015,0,0,2008,,,6774,,,,1,2008,6774
149233,D015212,2007,0.9984976,0.9999993,7.0,2.0,4.0,2.0,2015,3,1,,,,,,,2007.0,0,2007,
3091,D015212,,0.9930017,0.99998903,0.0,0.0,0.0,0.0,2016,1,1,2008,,,6774,,,,1,2008,6774
149233,D015212,2007,0.9984976,0.9999993,7.0,2.0,4.0,2.0,2016,2,1,,,,,,,2007.0,0,2007,
3091,D015212,,0.9930017,0.99998903,0.0,0.0,0.0,0.0,2017,0,0,2008,,,6774,,,,1,2008,6774
149233,D015212,2007,0.9984976,0.9999993,7.0,2.0,4.0,2.0,2017,2,1,,,,,,,2007.0,0,2007,
3091,D015212,,0.9930017,0.99998903,0.0,0.0,0.0,0.0,2018,2,1,2008,,,6774,,,,1,2008,6774
149233,D015212,2007,0.9984976,0.9999993,7.0,2.0,4.0,2.0,2018,4,1,,,,,,,2007.0,0,2007,
3091,D015212,,0.9930017,0.99998903,0.0,0.0,0.0,0.0,2019,3,1,2008,,,6774,,,,1,2008,6774
149233,D015212,2007,0.9984976,0.9999993,7.0,2.0,4.0,2.0,2019,3,1,,,,,,,2007.0,0,2007,
3091,D015212,,0.9930017,0.99998903,0.0,0.0,0.0,0.0,2020,1,1,2008,,,6774,,,,1,2008,6774
149233,D015212,2007,0.9984976,0.9999993,7.0,2.0,4.0,2.0,2020,1,1,,,,,,,2007.0,0,2007,
6097,D015212,2012,0.99769264,0.99999934,0.0,1.0,0.0,0.0,2000,0,0,,,,,,,2012.0,0,2012,
6097,D015212,2012,0.99769264,0.99999934,0.0,1.0,0.0,0.0,2001,0,0,,,,,,,2012.0,0,2012,
6097,D015212,2012,0.99769264,0.99999934,0.0,1.0,0.0,0.0,2002,0,0,,,,,,,2012.0,0,2012,
6097,D015212,2012,0.99769264,0.99999934,0.0,1.0,0.0,0.0,2003,0,0,,,,,,,2012.0,0,2012,
6097,D015212,2012,0.99769264,0.99999934,0.0,1.0,0.0,0.0,2004,0,0,,,,,,,2012.0,0,2012,
6097,D015212,2012,0.99769264,0.99999934,0.0,1.0,0.0,0.0,2005,0,0,,,,,,,2012.0,0,2012,
6097,D015212,2012,0.99769264,0.99999934,0.0,1.0,0.0,0.0,2006,0,0,,,,,,,2012.0,0,2012,
6097,D015212,2012,0.99769264,0.99999934,0.0,1.0,0.0,0.0,2007,0,0,,,,,,,2012.0,0,2012,
6097,D015212,2012,0.99769264,0.99999934,0.0,1.0,0.0,0.0,2008,0,0,,,,,,,2012.0,0,2012,
6097,D015212,2012,0.99769264,0.99999934,0.0,1.0,0.0,0.0,2009,0,0,,,,,,,2012.0,0,2012,
6097,D015212,2012,0.99769264,0.99999934,0.0,1.0,0.0,0.0,2010,0,0,,,,,,,2012.0,0,2012,
6097,D015212,2012,0.99769264,0.99999934,0.0,1.0,0.0,0.0,2011,0,0,,,,,,,2012.0,0,2012,
6097,D015212,2012,0.99769264,0.99999934,0.0,1.0,0.0,0.0,2012,0,0,,,,,,,2012.0,0,2012,
6097,D015212,2012,0.99769264,0.99999934,0.0,1.0,0.0,0.0,2013,1,1,,,,,,,2012.0,0,2012,
6097,D015212,2012,0.99769264,0.99999934,0.0,1.0,0.0,0.0,2014,0,0,,,,,,,2012.0,0,2012,
6097,D015212,2012,0.99769264,0.99999934,0.0,1.0,0.0,0.0,2015,1,1,,,,,,,2012.0,0,2012,
6097,D015212,2012,0.99769264,0.99999934,0.0,1.0,0.0,0.0,2016,5,1,,,,,,,2012.0,0,2012,
6097,D015212,2012,0.99769264,0.99999934,0.0,1.0,0.0,0.0,2017,11,1,,,,,,,2012.0,0,2012,
6097,D015212,2012,0.99769264,0.99999934,0.0,1.0,0.0,0.0,2018,3,1,,,,,,,2012.0,0,2012,
6097,D015212,2012,0.99769264,0.99999934,0.0,1.0,0.0,0.0,2019,11,1,,,,,,,2012.0,0,2012,
6097,D015212,2012,0.99769264,0.99999934,0.0,1.0,0.0,0.0,2020,6,1,,,,,,,2012.0,0,2012,
3594,D015212,,0.99712276,0.99999833,1.0,1.0,2.0,0.0,2000,0,0,2008,,,6774,,,,1,2008,6774
3594,D015212,,0.99712276,0.99999833,1.0,1.0,2.0,0.0,2001,0,0,2008,,,6774,,,,1,2008,6774
3594,D015212,,0.99712276,0.99999833,1.0,1.0,2.0,0.0,2002,0,0,2008,,,6774,,,,1,2008,6774
3594,D015212,,0.99712276,0.99999833,1.0,1.0,2.0,0.0,2003,0,0,2008,,,6774,,,,1,2008,6774
3594,D015212,,0.99712276,0.99999833,1.0,1.0,2.0,0.0,2004,0,0,2008,,,6774,,,,1,2008,6774
3594,D015212,,0.99712276,0.99999833,1.0,1.0,2.0,0.0,2005,0,0,2008,,,6774,,,,1,2008,6774
3594,D015212,,0.99712276,0.99999833,1.0,1.0,2.0,0.0,2006,0,0,2008,,,6774,,,,1,2008,6774
3594,D015212,,0.99712276,0.99999833,1.0,1.0,2.0,0.0,2007,0,0,2008,,,6774,,,,1,2008,6774
3594,D015212,,0.99712276,0.99999833,1.0,1.0,2.0,0.0,2008,0,0,2008,,,6774,,,,1,2008,6774
3594,D015212,,0.99712276,0.99999833,1.0,1.0,2.0,0.0,2009,0,0,2008,,,6774,,,,1,2008,6774
3594,D015212,,0.99712276,0.99999833,1.0,1.0,2.0,0.0,2010,0,0,2008,,,6774,,,,1,2008,6774
3594,D015212,,0.99712276,0.99999833,1.0,1.0,2.0,0.0,2011,0,0,2008,,,6774,,,,1,2008,6774
3594,D015212,,0.99712276,0.99999833,1.0,1.0,2.0,0.0,2012,0,0,2008,,,6774,,,,1,2008,6774
3594,D015212,,0.99712276,0.99999833,1.0,1.0,2.0,0.0,2013,1,1,2008,,,6774,,,,1,2008,6774
3594,D015212,,0.99712276,0.99999833,1.0,1.0,2.0,0.0,2014,2,1,2008,,,6774,,,,1,2008,6774
3594,D015212,,0.99712276,0.99999833,1.0,1.0,2.0,0.0,2015,4,1,2008,,,6774,,,,1,2008,6774
3594,D015212,,0.99712276,0.99999833,1.0,1.0,2.0,0.0,2016,0,0,2008,,,6774,,,,1,2008,6774
3594,D015212,,0.99712276,0.99999833,1.0,1.0,2.0,0.0,2017,0,0,2008,,,6774,,,,1,2008,6774
3594,D015212,,0.99712276,0.99999833,1.0,1.0,2.0,0.0,2018,0,0,2008,,,6774,,,,1,2008,6774
3594,D015212,,0.99712276,0.99999833,1.0,1.0,2.0,0.0,2019,0,0,2008,,,6774,,,,1,2008,6774
3594,D015212,,0.99712276,0.99999833,1.0,1.0,2.0,0.0,2020,0,0,2008,,,6774,,,,1,2008,6774
6778,D015212,,0.99892265,0.99999833,2.0,0.0,4.0,0.0,2000,0,0,2009,,,3586,,,,1,2009,3586
6778,D015212,,0.99892265,0.99999833,2.0,0.0,4.0,0.0,2001,0,0,2009,,,3586,,,,1,2009,3586
6778,D015212,,0.99892265,0.99999833,2.0,0.0,4.0,0.0,2002,0,0,2009,,,3586,,,,1,2009,3586
6778,D015212,,0.99892265,0.99999833,2.0,0.0,4.0,0.0,2003,0,0,2009,,,3586,,,,1,2009,3586
6778,D015212,,0.99892265,0.99999833,2.0,0.0,4.0,0.0,2004,0,0,2009,,,3586,,,,1,2009,3586
6778,D015212,,0.99892265,0.99999833,2.0,0.0,4.0,0.0,2005,0,0,2009,,,3586,,,,1,2009,3586
6778,D015212,,0.99892265,0.99999833,2.0,0.0,4.0,0.0,2006,0,0,2009,,,3586,,,,1,2009,3586
6778,D015212,,0.99892265,0.99999833,2.0,0.0,4.0,0.0,2007,0,0,2009,,,3586,,,,1,2009,3586
6778,D015212,,0.99892265,0.99999833,2.0,0.0,4.0,0.0,2008,0,0,2009,,,3586,,,,1,2009,3586
6778,D015212,,0.99892265,0.99999833,2.0,0.0,4.0,0.0,2009,0,0,2009,,,3586,,,,1,2009,3586
6778,D015212,,0.99892265,0.99999833,2.0,0.0,4.0,0.0,2010,0,0,2009,,,3586,,,,1,2009,3586
6778,D015212,,0.99892265,0.99999833,2.0,0.0,4.0,0.0,2011,0,0,2009,,,3586,,,,1,2009,3586
6778,D015212,,0.99892265,0.99999833,2.0,0.0,4.0,0.0,2012,0,0,2009,,,3586,,,,1,2009,3586
6778,D015212,,0.99892265,0.99999833,2.0,0.0,4.0,0.0,2013,0,0,2009,,,3586,,,,1,2009,3586
6778,D015212,,0.99892265,0.99999833,2.0,0.0,4.0,0.0,2014,0,0,2009,,,3586,,,,1,2009,3586
6778,D015212,,0.99892265,0.99999833,2.0,0.0,4.0,0.0,2015,1,1,2009,,,3586,,,,1,2009,3586
6778,D015212,,0.99892265,0.99999833,2.0,0.0,4.0,0.0,2016,0,0,2009,,,3586,,,,1,2009,3586
6778,D015212,,0.99892265,0.99999833,2.0,0.0,4.0,0.0,2017,0,0,2009,,,3586,,,,1,2009,3586
6778,D015212,,0.99892265,0.99999833,2.0,0.0,4.0,0.0,2018,0,0,2009,,,3586,,,,1,2009,3586
6778,D015212,,0.99892265,0.99999833,2.0,0.0,4.0,0.0,2019,0,0,2009,,,3586,,,,1,2009,3586
6778,D015212,,0.99892265,0.99999833,2.0,0.0,4.0,0.0,2020,0,0,2009,,,3586,,,,1,2009,3586
861,D015212,,0.9984733,0.99999577,0.0,0.0,0.0,0.0,2000,0,0,2012,,,6097,,,,1,2012,6097
861,D015212,,0.9984733,0.99999577,0.0,0.0,0.0,0.0,2001,0,0,2012,,,6097,,,,1,2012,6097
861,D015212,,0.9984733,0.99999577,0.0,0.0,0.0,0.0,2002,0,0,2012,,,6097,,,,1,2012,6097
861,D015212,,0.9984733,0.99999577,0.0,0.0,0.0,0.0,2003,0,0,2012,,,6097,,,,1,2012,6097
861,D015212,,0.9984733,0.99999577,0.0,0.0,0.0,0.0,2004,0,0,2012,,,6097,,,,1,2012,6097
861,D015212,,0.9984733,0.99999577,0.0,0.0,0.0,0.0,2005,0,0,2012,,,6097,,,,1,2012,6097
861,D015212,,0.9984733,0.99999577,0.0,0.0,0.0,0.0,2006,0,0,2012,,,6097,,,,1,2012,6097
861,D015212,,0.9984733,0.99999577,0.0,0.0,0.0,0.0,2007,0,0,2012,,,6097,,,,1,2012,6097
861,D015212,,0.9984733,0.99999577,0.0,0.0,0.0,0.0,2008,0,0,2012,,,6097,,,,1,2012,6097
861,D015212,,0.9984733,0.99999577,0.0,0.0,0.0,0.0,2009,0,0,2012,,,6097,,,,1,2012,6097
861,D015212,,0.9984733,0.99999577,0.0,0.0,0.0,0.0,2010,0,0,2012,,,6097,,,,1,2012,6097
861,D015212,,0.9984733,0.99999577,0.0,0.0,0.0,0.0,2011,0,0,2012,,,6097,,,,1,2012,6097
861,D015212,,0.9984733,0.99999577,0.0,0.0,0.0,0.0,2012,0,0,2012,,,6097,,,,1,2012,6097
861,D015212,,0.9984733,0.99999577,0.0,0.0,0.0,0.0,2013,0,0,2012,,,6097,,,,1,2012,6097
861,D015212,,0.9984733,0.99999577,0.0,0.0,0.0,0.0,2014,0,0,2012,,,6097,,,,1,2012,6097
861,D015212,,0.9984733,0.99999577,0.0,0.0,0.0,0.0,2015,0,0,2012,,,6097,,,,1,2012,6097
861,D015212,,0.9984733,0.99999577,0.0,0.0,0.0,0.0,2016,1,1,2012,,,6097,,,,1,2012,6097
861,D015212,,0.9984733,0.99999577,0.0,0.0,0.0,0.0,2017,0,0,2012,,,6097,,,,1,2012,6097
861,D015212,,0.9984733,0.99999577,0.0,0.0,0.0,0.0,2018,0,0,2012,,,6097,,,,1,2012,6097
861,D015212,,0.9984733,0.99999577,0.0,0.0,0.0,0.0,2019,1,1,2012,,,6097,,,,1,2012,6097
861,D015212,,0.9984733,0.99999577,0.0,0.0,0.0,0.0,2020,0,0,2012,,,6097,,,,1,2012,6097
4087,D015212,,0.9940454,0.99361485,0.0,0.0,1.0,0.0,2000,0,0,2007,,,149233,,,,1,2007,149233
4087,D015212,,0.9940454,0.99361485,0.0,0.0,1.0,0.0,2001,0,0,2007,,,149233,,,,1,2007,149233
4087,D015212,,0.9940454,0.99361485,0.0,0.0,1.0,0.0,2002,0,0,2007,,,149233,,,,1,2007,149233
4087,D015212,,0.9940454,0.99361485,0.0,0.0,1.0,0.0,2003,0,0,2007,,,149233,,,,1,2007,149233
4087,D015212,,0.9940454,0.99361485,0.0,0.0,1.0,0.0,2004,0,0,2007,,,149233,,,,1,2007,149233
4087,D015212,,0.9940454,0.99361485,0.0,0.0,1.0,0.0,2005,0,0,2007,,,149233,,,,1,2007,149233
4087,D015212,,0.9940454,0.99361485,0.0,0.0,1.0,0.0,2006,0,0,2007,,,149233,,,,1,2007,149233
4087,D015212,,0.9940454,0.99361485,0.0,0.0,1.0,0.0,2007,0,0,2007,,,149233,,,,1,2007,149233
4087,D015212,,0.9940454,0.99361485,0.0,0.0,1.0,0.0,2008,0,0,2007,,,149233,,,,1,2007,149233
4087,D015212,,0.9940454,0.99361485,0.0,0.0,1.0,0.0,2009,0,0,2007,,,149233,,,,1,2007,149233
4087,D015212,,0.9940454,0.99361485,0.0,0.0,1.0,0.0,2010,0,0,2007,,,149233,,,,1,2007,149233
4087,D015212,,0.9940454,0.99361485,0.0,0.0,1.0,0.0,2011,0,0,2007,,,149233,,,,1,2007,149233
4087,D015212,,0.9940454,0.99361485,0.0,0.0,1.0,0.0,2012,0,0,2007,,,149233,,,,1,2007,149233
4087,D015212,,0.9940454,0.99361485,0.0,0.0,1.0,0.0,2013,0,0,2007,,,149233,,,,1,2007,149233
4087,D015212,,0.9940454,0.99361485,0.0,0.0,1.0,0.0,2014,0,0,2007,,,149233,,,,1,2007,149233
4087,D015212,,0.9940454,0.99361485,0.0,0.0,1.0,0.0,2015,0,0,2007,,,149233,,,,1,2007,149233
4087,D015212,,0.9940454,0.99361485,0.0,0.0,1.0,0.0,2016,0,0,2007,,,149233,,,,1,2007,149233
4087,D015212,,0.9940454,0.99361485,0.0,0.0,1.0,0.0,2017,1,1,2007,,,149233,,,,1,2007,149233
4087,D015212,,0.9940454,0.99361485,0.0,0.0,1.0,0.0,2018,0,0,2007,,,149233,,,,1,2007,149233
4087,D015212,,0.9940454,0.99361485,0.0,0.0,1.0,0.0,2019,0,0,2007,,,149233,,,,1,2007,149233
4087,D015212,,0.9940454,0.99361485,0.0,0.0,1.0,0.0,2020,0,0,2007,,,149233,,,,1,2007,149233
50943,D015212,,0.9984787,0.99999917,0.0,0.0,0.0,0.0,2000,0,0,2010,,,4088,,,,1,2010,4088
50943,D015212,,0.9984787,0.99999917,0.0,0.0,0.0,0.0,2001,0,0,2010,,,4088,,,,1,2010,4088
50943,D015212,,0.9984787,0.99999917,0.0,0.0,0.0,0.0,2002,0,0,2010,,,4088,,,,1,2010,4088
50943,D015212,,0.9984787,0.99999917,0.0,0.0,0.0,0.0,2003,0,0,2010,,,4088,,,,1,2010,4088
50943,D015212,,0.9984787,0.99999917,0.0,0.0,0.0,0.0,2004,0,0,2010,,,4088,,,,1,2010,4088
50943,D015212,,0.9984787,0.99999917,0.0,0.0,0.0,0.0,2005,0,0,2010,,,4088,,,,1,2010,4088
50943,D015212,,0.9984787,0.99999917,0.0,0.0,0.0,0.0,2006,0,0,2010,,,4088,,,,1,2010,4088
50943,D015212,,0.9984787,0.99999917,0.0,0.0,0.0,0.0,2007,0,0,2010,,,4088,,,,1,2010,4088
50943,D015212,,0.9984787,0.99999917,0.0,0.0,0.0,0.0,2008,0,0,2010,,,4088,,,,1,2010,4088
50943,D015212,,0.9984787,0.99999917,0.0,0.0,0.0,0.0,2009,0,0,2010,,,4088,,,,1,2010,4088
50943,D015212,,0.9984787,0.99999917,0.0,0.0,0.0,0.0,2010,0,0,2010,,,4088,,,,1,2010,4088
50943,D015212,,0.9984787,0.99999917,0.0,0.0,0.0,0.0,2011,0,0,2010,,,4088,,,,1,2010,4088
50943,D015212,,0.9984787,0.99999917,0.0,0.0,0.0,0.0,2012,0,0,2010,,,4088,,,,1,2010,4088
50943,D015212,,0.9984787,0.99999917,0.0,0.0,0.0,0.0,2013,0,0,2010,,,4088,,,,1,2010,4088
50943,D015212,,0.9984787,0.99999917,0.0,0.0,0.0,0.0,2014,0,0,2010,,,4088,,,,1,2010,4088
50943,D015212,,0.9984787,0.99999917,0.0,0.0,0.0,0.0,2015,0,0,2010,,,4088,,,,1,2010,4088
50943,D015212,,0.9984787,0.99999917,0.0,0.0,0.0,0.0,2016,0,0,2010,,,4088,,,,1,2010,4088
50943,D015212,,0.9984787,0.99999917,0.0,0.0,0.0,0.0,2017,2,1,2010,,,4088,,,,1,2010,4088
50943,D015212,,0.9984787,0.99999917,0.0,0.0,0.0,0.0,2018,2,1,2010,,,4088,,,,1,2010,4088
50943,D015212,,0.9984787,0.99999917,0.0,0.0,0.0,0.0,2019,0,0,2010,,,4088,,,,1,2010,4088
50943,D015212,,0.9984787,0.99999917,0.0,0.0,0.0,0.0,2020,0,0,2010,,,4088,,,,1,2010,4088
3561,D015212,,0.9949487,0.9999973,0.0,1.0,0.0,0.0,2000,0,0,2008,,,6774,,,,1,2008,6774
3561,D015212,,0.9949487,0.9999973,0.0,1.0,0.0,0.0,2001,0,0,2008,,,6774,,,,1,2008,6774
3561,D015212,,0.9949487,0.9999973,0.0,1.0,0.0,0.0,2002,0,0,2008,,,6774,,,,1,2008,6774
3561,D015212,,0.9949487,0.9999973,0.0,1.0,0.0,0.0,2003,0,0,2008,,,6774,,,,1,2008,6774
3561,D015212,,0.9949487,0.9999973,0.0,1.0,0.0,0.0,2004,0,0,2008,,,6774,,,,1,2008,6774
3561,D015212,,0.9949487,0.9999973,0.0,1.0,0.0,0.0,2005,0,0,2008,,,6774,,,,1,2008,6774
3561,D015212,,0.9949487,0.9999973,0.0,1.0,0.0,0.0,2006,0,0,2008,,,6774,,,,1,2008,6774
3561,D015212,,0.9949487,0.9999973,0.0,1.0,0.0,0.0,2007,0,0,2008,,,6774,,,,1,2008,6774
3561,D015212,,0.9949487,0.9999973,0.0,1.0,0.0,0.0,2008,0,0,2008,,,6774,,,,1,2008,6774
3561,D015212,,0.9949487,0.9999973,0.0,1.0,0.0,0.0,2009,0,0,2008,,,6774,,,,1,2008,6774
3561,D015212,,0.9949487,0.9999973,0.0,1.0,0.0,0.0,2010,0,0,2008,,,6774,,,,1,2008,6774
3561,D015212,,0.9949487,0.9999973,0.0,1.0,0.0,0.0,2011,0,0,2008,,,6774,,,,1,2008,6774
3561,D015212,,0.9949487,0.9999973,0.0,1.0,0.0,0.0,2012,0,0,2008,,,6774,,,,1,2008,6774
3561,D015212,,0.9949487,0.9999973,0.0,1.0,0.0,0.0,2013,0,0,2008,,,6774,,,,1,2008,6774
3561,D015212,,0.9949487,0.9999973,0.0,1.0,0.0,0.0,2014,0,0,2008,,,6774,,,,1,2008,6774
3561,D015212,,0.9949487,0.9999973,0.0,1.0,0.0,0.0,2015,0,0,2008,,,6774,,,,1,2008,6774
3561,D015212,,0.9949487,0.9999973,0.0,1.0,0.0,0.0,2016,0,0,2008,,,6774,,,,1,2008,6774
3561,D015212,,0.9949487,0.9999973,0.0,1.0,0.0,0.0,2017,0,0,2008,,,6774,,,,1,2008,6774
3561,D015212,,0.9949487,0.9999973,0.0,1.0,0.0,0.0,2018,1,1,2008,,,6774,,,,1,2008,6774
3561,D015212,,0.9949487,0.9999973,0.0,1.0,0.0,0.0,2019,1,1,2008,,,6774,,,,1,2008,6774
3561,D015212,,0.9949487,0.9999973,0.0,1.0,0.0,0.0,2020,0,0,2008,,,6774,,,,1,2008,6774
4088,D015212,2010,0.9963523,1.0,0.0,0.0,0.0,0.0,2000,0,0,,,,,,,2010.0,0,2010,
4088,D015212,2010,0.9963523,1.0,0.0,0.0,0.0,0.0,2001,0,0,,,,,,,2010.0,0,2010,
4088,D015212,2010,0.9963523,1.0,0.0,0.0,0.0,0.0,2002,0,0,,,,,,,2010.0,0,2010,
4088,D015212,2010,0.9963523,1.0,0.0,0.0,0.0,0.0,2003,0,0,,,,,,,2010.0,0,2010,
4088,D015212,2010,0.9963523,1.0,0.0,0.0,0.0,0.0,2004,0,0,,,,,,,2010.0,0,2010,
4088,D015212,2010,0.9963523,1.0,0.0,0.0,0.0,0.0,2005,0,0,,,,,,,2010.0,0,2010,
4088,D015212,2010,0.9963523,1.0,0.0,0.0,0.0,0.0,2006,0,0,,,,,,,2010.0,0,2010,
4088,D015212,2010,0.9963523,1.0,0.0,0.0,0.0,0.0,2007,0,0,,,,,,,2010.0,0,2010,
4088,D015212,2010,0.9963523,1.0,0.0,0.0,0.0,0.0,2008,0,0,,,,,,,2010.0,0,2010,
4088,D015212,2010,0.9963523,1.0,0.0,0.0,0.0,0.0,2009,0,0,,,,,,,2010.0,0,2010,
4088,D015212,2010,0.9963523,1.0,0.0,0.0,0.0,0.0,2010,0,0,,,,,,,2010.0,0,2010,
4088,D015212,2010,0.9963523,1.0,0.0,0.0,0.0,0.0,2011,0,0,,,,,,,2010.0,0,2010,
4088,D015212,2010,0.9963523,1.0,0.0,0.0,0.0,0.0,2012,0,0,,,,,,,2010.0,0,2010,
4088,D015212,2010,0.9963523,1.0,0.0,0.0,0.0,0.0,2013,0,0,,,,,,,2010.0,0,2010,
4088,D015212,2010,0.9963523,1.0,0.0,0.0,0.0,0.0,2014,0,0,,,,,,,2010.0,0,2010,
4088,D015212,2010,0.9963523,1.0,0.0,0.0,0.0,0.0,2015,0,0,,,,,,,2010.0,0,2010,
4088,D015212,2010,0.9963523,1.0,0.0,0.0,0.0,0.0,2016,0,0,,,,,,,2010.0,0,2010,
4088,D015212,2010,0.9963523,1.0,0.0,0.0,0.0,0.0,2017,0,0,,,,,,,2010.0,0,2010,
4088,D015212,2010,0.9963523,1.0,0.0,0.0,0.0,0.0,2018,0,0,,,,,,,2010.0,0,2010,
4088,D015212,2010,0.9963523,1.0,0.0,0.0,0.0,0.0,2019,1,1,,,,,,,2010.0,0,2010,
4088,D015212,2010,0.9963523,1.0,0.0,0.0,0.0,0.0,2020,1,1,,,,,,,2010.0,0,2010,
