gene_id,disease_id,gwas_year,gene_prob,dis_prob,gene_abstract,gene_title,dis_abstract,dis_title,patent_year,num_patents,gwas_level,gwas_year_chosen,gwas_source_gene,gwas_1hop,gwas_2hop,gwas_3hop,extensive_flag
7040,D015212,,0.9980161786079408,0.9999989867210388,0.0,0.0,0.0,0.0,2000,1.0,3,2007,149233,,,2007.0,1
7040,D015212,,0.9980161786079408,0.9999989867210388,0.0,0.0,0.0,0.0,2001,0.0,3,2007,149233,,,2007.0,0
7040,D015212,,0.9980161786079408,0.9999989867210388,0.0,0.0,0.0,0.0,2002,0.0,3,2007,149233,,,2007.0,0
7040,D015212,,0.9980161786079408,0.9999989867210388,0.0,0.0,0.0,0.0,2003,0.0,3,2007,149233,,,2007.0,0
7040,D015212,,0.9980161786079408,0.9999989867210388,0.0,0.0,0.0,0.0,2004,0.0,3,2007,149233,,,2007.0,0
7040,D015212,,0.9980161786079408,0.9999989867210388,0.0,0.0,0.0,0.0,2005,0.0,3,2007,149233,,,2007.0,0
7040,D015212,,0.9980161786079408,0.9999989867210388,0.0,0.0,0.0,0.0,2006,0.0,3,2007,149233,,,2007.0,0
7040,D015212,,0.9980161786079408,0.9999989867210388,0.0,0.0,0.0,0.0,2007,1.0,3,2007,149233,,,2007.0,1
7040,D015212,,0.9980161786079408,0.9999989867210388,0.0,0.0,0.0,0.0,2008,2.0,3,2007,149233,,,2007.0,1
7040,D015212,,0.9980161786079408,0.9999989867210388,0.0,0.0,0.0,0.0,2009,1.0,3,2007,149233,,,2007.0,1
7040,D015212,,0.9980161786079408,0.9999989867210388,0.0,0.0,0.0,0.0,2010,0.0,3,2007,149233,,,2007.0,0
7040,D015212,,0.9980161786079408,0.9999989867210388,0.0,0.0,0.0,0.0,2011,0.0,3,2007,149233,,,2007.0,0
7040,D015212,,0.9980161786079408,0.9999989867210388,0.0,0.0,0.0,0.0,2012,4.0,3,2007,149233,,,2007.0,1
7040,D015212,,0.9980161786079408,0.9999989867210388,0.0,0.0,0.0,0.0,2013,1.0,3,2007,149233,,,2007.0,1
7040,D015212,,0.9980161786079408,0.9999989867210388,0.0,0.0,0.0,0.0,2014,3.0,3,2007,149233,,,2007.0,1
7040,D015212,,0.9980161786079408,0.9999989867210388,0.0,0.0,0.0,0.0,2015,2.0,3,2007,149233,,,2007.0,1
7040,D015212,,0.9980161786079408,0.9999989867210388,0.0,0.0,0.0,0.0,2016,1.0,3,2007,149233,,,2007.0,1
7040,D015212,,0.9980161786079408,0.9999989867210388,0.0,0.0,0.0,0.0,2017,4.0,3,2007,149233,,,2007.0,1
7040,D015212,,0.9980161786079408,0.9999989867210388,0.0,0.0,0.0,0.0,2018,1.0,3,2007,149233,,,2007.0,1
7040,D015212,,0.9980161786079408,0.9999989867210388,0.0,0.0,0.0,0.0,2019,2.0,3,2007,149233,,,2007.0,1
7040,D015212,,0.9980161786079408,0.9999989867210388,0.0,0.0,0.0,0.0,2020,4.0,3,2007,149233,,,2007.0,1
1432,D015212,,0.99991774559021,0.9999990463256836,0.0,0.0,0.0,0.0,2000,3.0,3,2007,149233,,,2007.0,1
1432,D015212,,0.99991774559021,0.9999990463256836,0.0,0.0,0.0,0.0,2001,3.0,3,2007,149233,,,2007.0,1
1432,D015212,,0.99991774559021,0.9999990463256836,0.0,0.0,0.0,0.0,2002,9.0,3,2007,149233,,,2007.0,1
1432,D015212,,0.99991774559021,0.9999990463256836,0.0,0.0,0.0,0.0,2003,13.0,3,2007,149233,,,2007.0,1
1432,D015212,,0.99991774559021,0.9999990463256836,0.0,0.0,0.0,0.0,2004,6.0,3,2007,149233,,,2007.0,1
1432,D015212,,0.99991774559021,0.9999990463256836,0.0,0.0,0.0,0.0,2005,2.0,3,2007,149233,,,2007.0,1
1432,D015212,,0.99991774559021,0.9999990463256836,0.0,0.0,0.0,0.0,2006,3.0,3,2007,149233,,,2007.0,1
1432,D015212,,0.99991774559021,0.9999990463256836,0.0,0.0,0.0,0.0,2007,7.0,3,2007,149233,,,2007.0,1
1432,D015212,,0.99991774559021,0.9999990463256836,0.0,0.0,0.0,0.0,2008,5.0,3,2007,149233,,,2007.0,1
1432,D015212,,0.99991774559021,0.9999990463256836,0.0,0.0,0.0,0.0,2009,0.0,3,2007,149233,,,2007.0,0
1432,D015212,,0.99991774559021,0.9999990463256836,0.0,0.0,0.0,0.0,2010,1.0,3,2007,149233,,,2007.0,1
1432,D015212,,0.99991774559021,0.9999990463256836,0.0,0.0,0.0,0.0,2011,2.0,3,2007,149233,,,2007.0,1
1432,D015212,,0.99991774559021,0.9999990463256836,0.0,0.0,0.0,0.0,2012,6.0,3,2007,149233,,,2007.0,1
1432,D015212,,0.99991774559021,0.9999990463256836,0.0,0.0,0.0,0.0,2013,0.0,3,2007,149233,,,2007.0,0
1432,D015212,,0.99991774559021,0.9999990463256836,0.0,0.0,0.0,0.0,2014,0.0,3,2007,149233,,,2007.0,0
1432,D015212,,0.99991774559021,0.9999990463256836,0.0,0.0,0.0,0.0,2015,0.0,3,2007,149233,,,2007.0,0
1432,D015212,,0.99991774559021,0.9999990463256836,0.0,0.0,0.0,0.0,2016,3.0,3,2007,149233,,,2007.0,1
1432,D015212,,0.99991774559021,0.9999990463256836,0.0,0.0,0.0,0.0,2017,6.0,3,2007,149233,,,2007.0,1
1432,D015212,,0.99991774559021,0.9999990463256836,0.0,0.0,0.0,0.0,2018,1.0,3,2007,149233,,,2007.0,1
1432,D015212,,0.99991774559021,0.9999990463256836,0.0,0.0,0.0,0.0,2019,2.0,3,2007,149233,,,2007.0,1
1432,D015212,,0.99991774559021,0.9999990463256836,0.0,0.0,0.0,0.0,2020,1.0,3,2007,149233,,,2007.0,1
5600,D015212,,0.9922778010368348,0.9999986290931702,2.0,0.0,4.0,0.0,2000,0.0,3,2007,149233,,,2007.0,0
5600,D015212,,0.9922778010368348,0.9999986290931702,2.0,0.0,4.0,0.0,2001,0.0,3,2007,149233,,,2007.0,0
5600,D015212,,0.9922778010368348,0.9999986290931702,2.0,0.0,4.0,0.0,2002,2.0,3,2007,149233,,,2007.0,1
5600,D015212,,0.9922778010368348,0.9999986290931702,2.0,0.0,4.0,0.0,2003,0.0,3,2007,149233,,,2007.0,0
5600,D015212,,0.9922778010368348,0.9999986290931702,2.0,0.0,4.0,0.0,2004,0.0,3,2007,149233,,,2007.0,0
5600,D015212,,0.9922778010368348,0.9999986290931702,2.0,0.0,4.0,0.0,2005,0.0,3,2007,149233,,,2007.0,0
5600,D015212,,0.9922778010368348,0.9999986290931702,2.0,0.0,4.0,0.0,2006,0.0,3,2007,149233,,,2007.0,0
5600,D015212,,0.9922778010368348,0.9999986290931702,2.0,0.0,4.0,0.0,2007,0.0,3,2007,149233,,,2007.0,0
5600,D015212,,0.9922778010368348,0.9999986290931702,2.0,0.0,4.0,0.0,2008,0.0,3,2007,149233,,,2007.0,0
5600,D015212,,0.9922778010368348,0.9999986290931702,2.0,0.0,4.0,0.0,2009,0.0,3,2007,149233,,,2007.0,0
5600,D015212,,0.9922778010368348,0.9999986290931702,2.0,0.0,4.0,0.0,2010,0.0,3,2007,149233,,,2007.0,0
5600,D015212,,0.9922778010368348,0.9999986290931702,2.0,0.0,4.0,0.0,2011,0.0,3,2007,149233,,,2007.0,0
5600,D015212,,0.9922778010368348,0.9999986290931702,2.0,0.0,4.0,0.0,2012,0.0,3,2007,149233,,,2007.0,0
5600,D015212,,0.9922778010368348,0.9999986290931702,2.0,0.0,4.0,0.0,2013,0.0,3,2007,149233,,,2007.0,0
5600,D015212,,0.9922778010368348,0.9999986290931702,2.0,0.0,4.0,0.0,2014,0.0,3,2007,149233,,,2007.0,0
5600,D015212,,0.9922778010368348,0.9999986290931702,2.0,0.0,4.0,0.0,2015,0.0,3,2007,149233,,,2007.0,0
5600,D015212,,0.9922778010368348,0.9999986290931702,2.0,0.0,4.0,0.0,2016,0.0,3,2007,149233,,,2007.0,0
5600,D015212,,0.9922778010368348,0.9999986290931702,2.0,0.0,4.0,0.0,2017,0.0,3,2007,149233,,,2007.0,0
5600,D015212,,0.9922778010368348,0.9999986290931702,2.0,0.0,4.0,0.0,2018,0.0,3,2007,149233,,,2007.0,0
5600,D015212,,0.9922778010368348,0.9999986290931702,2.0,0.0,4.0,0.0,2019,0.0,3,2007,149233,,,2007.0,0
5600,D015212,,0.9922778010368348,0.9999986290931702,2.0,0.0,4.0,0.0,2020,0.0,3,2007,149233,,,2007.0,0
3572,D015212,,0.9900904893875122,1.0,1.0,0.0,0.0,0.0,2000,0.0,2,2007,149233,,2007.0,,0
3572,D015212,,0.9900904893875122,1.0,1.0,0.0,0.0,0.0,2001,0.0,2,2007,149233,,2007.0,,0
3572,D015212,,0.9900904893875122,1.0,1.0,0.0,0.0,0.0,2002,0.0,2,2007,149233,,2007.0,,0
3572,D015212,,0.9900904893875122,1.0,1.0,0.0,0.0,0.0,2003,1.0,2,2007,149233,,2007.0,,1
3572,D015212,,0.9900904893875122,1.0,1.0,0.0,0.0,0.0,2004,0.0,2,2007,149233,,2007.0,,0
3572,D015212,,0.9900904893875122,1.0,1.0,0.0,0.0,0.0,2005,0.0,2,2007,149233,,2007.0,,0
3572,D015212,,0.9900904893875122,1.0,1.0,0.0,0.0,0.0,2006,0.0,2,2007,149233,,2007.0,,0
3572,D015212,,0.9900904893875122,1.0,1.0,0.0,0.0,0.0,2007,0.0,2,2007,149233,,2007.0,,0
3572,D015212,,0.9900904893875122,1.0,1.0,0.0,0.0,0.0,2008,0.0,2,2007,149233,,2007.0,,0
3572,D015212,,0.9900904893875122,1.0,1.0,0.0,0.0,0.0,2009,0.0,2,2007,149233,,2007.0,,0
3572,D015212,,0.9900904893875122,1.0,1.0,0.0,0.0,0.0,2010,0.0,2,2007,149233,,2007.0,,0
3572,D015212,,0.9900904893875122,1.0,1.0,0.0,0.0,0.0,2011,0.0,2,2007,149233,,2007.0,,0
3572,D015212,,0.9900904893875122,1.0,1.0,0.0,0.0,0.0,2012,0.0,2,2007,149233,,2007.0,,0
3572,D015212,,0.9900904893875122,1.0,1.0,0.0,0.0,0.0,2013,0.0,2,2007,149233,,2007.0,,0
3572,D015212,,0.9900904893875122,1.0,1.0,0.0,0.0,0.0,2014,0.0,2,2007,149233,,2007.0,,0
3572,D015212,,0.9900904893875122,1.0,1.0,0.0,0.0,0.0,2015,0.0,2,2007,149233,,2007.0,,0
3572,D015212,,0.9900904893875122,1.0,1.0,0.0,0.0,0.0,2016,0.0,2,2007,149233,,2007.0,,0
3572,D015212,,0.9900904893875122,1.0,1.0,0.0,0.0,0.0,2017,0.0,2,2007,149233,,2007.0,,0
3572,D015212,,0.9900904893875122,1.0,1.0,0.0,0.0,0.0,2018,0.0,2,2007,149233,,2007.0,,0
3572,D015212,,0.9900904893875122,1.0,1.0,0.0,0.0,0.0,2019,0.0,2,2007,149233,,2007.0,,0
3572,D015212,,0.9900904893875122,1.0,1.0,0.0,0.0,0.0,2020,2.0,2,2007,149233,,2007.0,,1
3605,D015212,,0.990626335144043,0.9999983906745912,0.0,0.0,0.0,0.0,2000,0.0,2,2007,149233,,2007.0,,0
3605,D015212,,0.990626335144043,0.9999983906745912,0.0,0.0,0.0,0.0,2001,0.0,2,2007,149233,,2007.0,,0
3605,D015212,,0.990626335144043,0.9999983906745912,0.0,0.0,0.0,0.0,2002,0.0,2,2007,149233,,2007.0,,0
3605,D015212,,0.990626335144043,0.9999983906745912,0.0,0.0,0.0,0.0,2003,0.0,2,2007,149233,,2007.0,,0
3605,D015212,,0.990626335144043,0.9999983906745912,0.0,0.0,0.0,0.0,2004,0.0,2,2007,149233,,2007.0,,0
3605,D015212,,0.990626335144043,0.9999983906745912,0.0,0.0,0.0,0.0,2005,1.0,2,2007,149233,,2007.0,,1
3605,D015212,,0.990626335144043,0.9999983906745912,0.0,0.0,0.0,0.0,2006,1.0,2,2007,149233,,2007.0,,1
3605,D015212,,0.990626335144043,0.9999983906745912,0.0,0.0,0.0,0.0,2007,0.0,2,2007,149233,,2007.0,,0
3605,D015212,,0.990626335144043,0.9999983906745912,0.0,0.0,0.0,0.0,2008,0.0,2,2007,149233,,2007.0,,0
3605,D015212,,0.990626335144043,0.9999983906745912,0.0,0.0,0.0,0.0,2009,1.0,2,2007,149233,,2007.0,,1
3605,D015212,,0.990626335144043,0.9999983906745912,0.0,0.0,0.0,0.0,2010,0.0,2,2007,149233,,2007.0,,0
3605,D015212,,0.990626335144043,0.9999983906745912,0.0,0.0,0.0,0.0,2011,2.0,2,2007,149233,,2007.0,,1
3605,D015212,,0.990626335144043,0.9999983906745912,0.0,0.0,0.0,0.0,2012,2.0,2,2007,149233,,2007.0,,1
3605,D015212,,0.990626335144043,0.9999983906745912,0.0,0.0,0.0,0.0,2013,3.0,2,2007,149233,,2007.0,,1
3605,D015212,,0.990626335144043,0.9999983906745912,0.0,0.0,0.0,0.0,2014,1.0,2,2007,149233,,2007.0,,1
3605,D015212,,0.990626335144043,0.9999983906745912,0.0,0.0,0.0,0.0,2015,3.0,2,2007,149233,,2007.0,,1
3605,D015212,,0.990626335144043,0.9999983906745912,0.0,0.0,0.0,0.0,2016,3.0,2,2007,149233,,2007.0,,1
3605,D015212,,0.990626335144043,0.9999983906745912,0.0,0.0,0.0,0.0,2017,7.0,2,2007,149233,,2007.0,,1
3605,D015212,,0.990626335144043,0.9999983906745912,0.0,0.0,0.0,0.0,2018,6.0,2,2007,149233,,2007.0,,1
3605,D015212,,0.990626335144043,0.9999983906745912,0.0,0.0,0.0,0.0,2019,8.0,2,2007,149233,,2007.0,,1
3605,D015212,,0.990626335144043,0.9999983906745912,0.0,0.0,0.0,0.0,2020,10.0,2,2007,149233,,2007.0,,1
59067,D015212,,0.9951287508010864,0.9999983906745912,0.0,0.0,0.0,0.0,2000,0.0,2,2007,149233,,2007.0,,0
59067,D015212,,0.9951287508010864,0.9999983906745912,0.0,0.0,0.0,0.0,2001,0.0,2,2007,149233,,2007.0,,0
59067,D015212,,0.9951287508010864,0.9999983906745912,0.0,0.0,0.0,0.0,2002,0.0,2,2007,149233,,2007.0,,0
59067,D015212,,0.9951287508010864,0.9999983906745912,0.0,0.0,0.0,0.0,2003,0.0,2,2007,149233,,2007.0,,0
59067,D015212,,0.9951287508010864,0.9999983906745912,0.0,0.0,0.0,0.0,2004,0.0,2,2007,149233,,2007.0,,0
59067,D015212,,0.9951287508010864,0.9999983906745912,0.0,0.0,0.0,0.0,2005,1.0,2,2007,149233,,2007.0,,1
59067,D015212,,0.9951287508010864,0.9999983906745912,0.0,0.0,0.0,0.0,2006,0.0,2,2007,149233,,2007.0,,0
59067,D015212,,0.9951287508010864,0.9999983906745912,0.0,0.0,0.0,0.0,2007,2.0,2,2007,149233,,2007.0,,1
59067,D015212,,0.9951287508010864,0.9999983906745912,0.0,0.0,0.0,0.0,2008,0.0,2,2007,149233,,2007.0,,0
59067,D015212,,0.9951287508010864,0.9999983906745912,0.0,0.0,0.0,0.0,2009,0.0,2,2007,149233,,2007.0,,0
59067,D015212,,0.9951287508010864,0.9999983906745912,0.0,0.0,0.0,0.0,2010,1.0,2,2007,149233,,2007.0,,1
59067,D015212,,0.9951287508010864,0.9999983906745912,0.0,0.0,0.0,0.0,2011,1.0,2,2007,149233,,2007.0,,1
59067,D015212,,0.9951287508010864,0.9999983906745912,0.0,0.0,0.0,0.0,2012,1.0,2,2007,149233,,2007.0,,1
59067,D015212,,0.9951287508010864,0.9999983906745912,0.0,0.0,0.0,0.0,2013,2.0,2,2007,149233,,2007.0,,1
59067,D015212,,0.9951287508010864,0.9999983906745912,0.0,0.0,0.0,0.0,2014,1.0,2,2007,149233,,2007.0,,1
59067,D015212,,0.9951287508010864,0.9999983906745912,0.0,0.0,0.0,0.0,2015,1.0,2,2007,149233,,2007.0,,1
59067,D015212,,0.9951287508010864,0.9999983906745912,0.0,0.0,0.0,0.0,2016,2.0,2,2007,149233,,2007.0,,1
59067,D015212,,0.9951287508010864,0.9999983906745912,0.0,0.0,0.0,0.0,2017,0.0,2,2007,149233,,2007.0,,0
59067,D015212,,0.9951287508010864,0.9999983906745912,0.0,0.0,0.0,0.0,2018,2.0,2,2007,149233,,2007.0,,1
59067,D015212,,0.9951287508010864,0.9999983906745912,0.0,0.0,0.0,0.0,2019,1.0,2,2007,149233,,2007.0,,1
59067,D015212,,0.9951287508010864,0.9999983906745912,0.0,0.0,0.0,0.0,2020,2.0,2,2007,149233,,2007.0,,1
50615,D015212,,0.9984291195869446,0.999999225139618,5.0,1.0,0.0,0.0,2000,0.0,2,2007,149233,,2007.0,,0
50615,D015212,,0.9984291195869446,0.999999225139618,5.0,1.0,0.0,0.0,2001,0.0,2,2007,149233,,2007.0,,0
50615,D015212,,0.9984291195869446,0.999999225139618,5.0,1.0,0.0,0.0,2002,0.0,2,2007,149233,,2007.0,,0
50615,D015212,,0.9984291195869446,0.999999225139618,5.0,1.0,0.0,0.0,2003,0.0,2,2007,149233,,2007.0,,0
50615,D015212,,0.9984291195869446,0.999999225139618,5.0,1.0,0.0,0.0,2004,0.0,2,2007,149233,,2007.0,,0
50615,D015212,,0.9984291195869446,0.999999225139618,5.0,1.0,0.0,0.0,2005,0.0,2,2007,149233,,2007.0,,0
50615,D015212,,0.9984291195869446,0.999999225139618,5.0,1.0,0.0,0.0,2006,0.0,2,2007,149233,,2007.0,,0
50615,D015212,,0.9984291195869446,0.999999225139618,5.0,1.0,0.0,0.0,2007,1.0,2,2007,149233,,2007.0,,1
50615,D015212,,0.9984291195869446,0.999999225139618,5.0,1.0,0.0,0.0,2008,0.0,2,2007,149233,,2007.0,,0
50615,D015212,,0.9984291195869446,0.999999225139618,5.0,1.0,0.0,0.0,2009,0.0,2,2007,149233,,2007.0,,0
50615,D015212,,0.9984291195869446,0.999999225139618,5.0,1.0,0.0,0.0,2010,0.0,2,2007,149233,,2007.0,,0
50615,D015212,,0.9984291195869446,0.999999225139618,5.0,1.0,0.0,0.0,2011,1.0,2,2007,149233,,2007.0,,1
50615,D015212,,0.9984291195869446,0.999999225139618,5.0,1.0,0.0,0.0,2012,1.0,2,2007,149233,,2007.0,,1
50615,D015212,,0.9984291195869446,0.999999225139618,5.0,1.0,0.0,0.0,2013,0.0,2,2007,149233,,2007.0,,0
50615,D015212,,0.9984291195869446,0.999999225139618,5.0,1.0,0.0,0.0,2014,1.0,2,2007,149233,,2007.0,,1
50615,D015212,,0.9984291195869446,0.999999225139618,5.0,1.0,0.0,0.0,2015,0.0,2,2007,149233,,2007.0,,0
50615,D015212,,0.9984291195869446,0.999999225139618,5.0,1.0,0.0,0.0,2016,1.0,2,2007,149233,,2007.0,,1
50615,D015212,,0.9984291195869446,0.999999225139618,5.0,1.0,0.0,0.0,2017,0.0,2,2007,149233,,2007.0,,0
50615,D015212,,0.9984291195869446,0.999999225139618,5.0,1.0,0.0,0.0,2018,1.0,2,2007,149233,,2007.0,,1
50615,D015212,,0.9984291195869446,0.999999225139618,5.0,1.0,0.0,0.0,2019,0.0,2,2007,149233,,2007.0,,0
50615,D015212,,0.9984291195869446,0.999999225139618,5.0,1.0,0.0,0.0,2020,2.0,2,2007,149233,,2007.0,,1
50616,D015212,,0.9931877851486206,0.999999225139618,0.0,0.0,0.0,0.0,2000,0.0,2,2007,149233,,2007.0,,0
50616,D015212,,0.9931877851486206,0.999999225139618,0.0,0.0,0.0,0.0,2001,0.0,2,2007,149233,,2007.0,,0
50616,D015212,,0.9931877851486206,0.999999225139618,0.0,0.0,0.0,0.0,2002,0.0,2,2007,149233,,2007.0,,0
50616,D015212,,0.9931877851486206,0.999999225139618,0.0,0.0,0.0,0.0,2003,0.0,2,2007,149233,,2007.0,,0
50616,D015212,,0.9931877851486206,0.999999225139618,0.0,0.0,0.0,0.0,2004,0.0,2,2007,149233,,2007.0,,0
50616,D015212,,0.9931877851486206,0.999999225139618,0.0,0.0,0.0,0.0,2005,0.0,2,2007,149233,,2007.0,,0
50616,D015212,,0.9931877851486206,0.999999225139618,0.0,0.0,0.0,0.0,2006,0.0,2,2007,149233,,2007.0,,0
50616,D015212,,0.9931877851486206,0.999999225139618,0.0,0.0,0.0,0.0,2007,1.0,2,2007,149233,,2007.0,,1
50616,D015212,,0.9931877851486206,0.999999225139618,0.0,0.0,0.0,0.0,2008,0.0,2,2007,149233,,2007.0,,0
50616,D015212,,0.9931877851486206,0.999999225139618,0.0,0.0,0.0,0.0,2009,1.0,2,2007,149233,,2007.0,,1
50616,D015212,,0.9931877851486206,0.999999225139618,0.0,0.0,0.0,0.0,2010,0.0,2,2007,149233,,2007.0,,0
50616,D015212,,0.9931877851486206,0.999999225139618,0.0,0.0,0.0,0.0,2011,1.0,2,2007,149233,,2007.0,,1
50616,D015212,,0.9931877851486206,0.999999225139618,0.0,0.0,0.0,0.0,2012,1.0,2,2007,149233,,2007.0,,1
50616,D015212,,0.9931877851486206,0.999999225139618,0.0,0.0,0.0,0.0,2013,2.0,2,2007,149233,,2007.0,,1
50616,D015212,,0.9931877851486206,0.999999225139618,0.0,0.0,0.0,0.0,2014,1.0,2,2007,149233,,2007.0,,1
50616,D015212,,0.9931877851486206,0.999999225139618,0.0,0.0,0.0,0.0,2015,0.0,2,2007,149233,,2007.0,,0
50616,D015212,,0.9931877851486206,0.999999225139618,0.0,0.0,0.0,0.0,2016,0.0,2,2007,149233,,2007.0,,0
50616,D015212,,0.9931877851486206,0.999999225139618,0.0,0.0,0.0,0.0,2017,2.0,2,2007,149233,,2007.0,,1
50616,D015212,,0.9931877851486206,0.999999225139618,0.0,0.0,0.0,0.0,2018,2.0,2,2007,149233,,2007.0,,1
50616,D015212,,0.9931877851486206,0.999999225139618,0.0,0.0,0.0,0.0,2019,2.0,2,2007,149233,,2007.0,,1
50616,D015212,,0.9931877851486206,0.999999225139618,0.0,0.0,0.0,0.0,2020,2.0,2,2007,149233,,2007.0,,1
2475,D015212,,0.9952516555786132,0.9999988079071044,0.0,0.0,7.0,0.0,2000,0.0,3,2007,149233,,,2007.0,0
2475,D015212,,0.9952516555786132,0.9999988079071044,0.0,0.0,7.0,0.0,2001,0.0,3,2007,149233,,,2007.0,0
2475,D015212,,0.9952516555786132,0.9999988079071044,0.0,0.0,7.0,0.0,2002,0.0,3,2007,149233,,,2007.0,0
2475,D015212,,0.9952516555786132,0.9999988079071044,0.0,0.0,7.0,0.0,2003,0.0,3,2007,149233,,,2007.0,0
2475,D015212,,0.9952516555786132,0.9999988079071044,0.0,0.0,7.0,0.0,2004,0.0,3,2007,149233,,,2007.0,0
2475,D015212,,0.9952516555786132,0.9999988079071044,0.0,0.0,7.0,0.0,2005,0.0,3,2007,149233,,,2007.0,0
2475,D015212,,0.9952516555786132,0.9999988079071044,0.0,0.0,7.0,0.0,2006,0.0,3,2007,149233,,,2007.0,0
2475,D015212,,0.9952516555786132,0.9999988079071044,0.0,0.0,7.0,0.0,2007,1.0,3,2007,149233,,,2007.0,1
2475,D015212,,0.9952516555786132,0.9999988079071044,0.0,0.0,7.0,0.0,2008,0.0,3,2007,149233,,,2007.0,0
2475,D015212,,0.9952516555786132,0.9999988079071044,0.0,0.0,7.0,0.0,2009,0.0,3,2007,149233,,,2007.0,0
2475,D015212,,0.9952516555786132,0.9999988079071044,0.0,0.0,7.0,0.0,2010,0.0,3,2007,149233,,,2007.0,0
2475,D015212,,0.9952516555786132,0.9999988079071044,0.0,0.0,7.0,0.0,2011,0.0,3,2007,149233,,,2007.0,0
2475,D015212,,0.9952516555786132,0.9999988079071044,0.0,0.0,7.0,0.0,2012,1.0,3,2007,149233,,,2007.0,1
2475,D015212,,0.9952516555786132,0.9999988079071044,0.0,0.0,7.0,0.0,2013,0.0,3,2007,149233,,,2007.0,0
2475,D015212,,0.9952516555786132,0.9999988079071044,0.0,0.0,7.0,0.0,2014,3.0,3,2007,149233,,,2007.0,1
2475,D015212,,0.9952516555786132,0.9999988079071044,0.0,0.0,7.0,0.0,2015,0.0,3,2007,149233,,,2007.0,0
2475,D015212,,0.9952516555786132,0.9999988079071044,0.0,0.0,7.0,0.0,2016,0.0,3,2007,149233,,,2007.0,0
2475,D015212,,0.9952516555786132,0.9999988079071044,0.0,0.0,7.0,0.0,2017,4.0,3,2007,149233,,,2007.0,1
2475,D015212,,0.9952516555786132,0.9999988079071044,0.0,0.0,7.0,0.0,2018,0.0,3,2007,149233,,,2007.0,0
2475,D015212,,0.9952516555786132,0.9999988079071044,0.0,0.0,7.0,0.0,2019,2.0,3,2007,149233,,,2007.0,1
2475,D015212,,0.9952516555786132,0.9999988079071044,0.0,0.0,7.0,0.0,2020,2.0,3,2007,149233,,,2007.0,1
4089,D015212,,0.9910205006599426,0.9999988675117492,0.0,0.0,0.0,0.0,2000,0.0,1,2007,149233,2007.0,,,0
4089,D015212,,0.9910205006599426,0.9999988675117492,0.0,0.0,0.0,0.0,2001,0.0,1,2007,149233,2007.0,,,0
4089,D015212,,0.9910205006599426,0.9999988675117492,0.0,0.0,0.0,0.0,2002,0.0,1,2007,149233,2007.0,,,0
4089,D015212,,0.9910205006599426,0.9999988675117492,0.0,0.0,0.0,0.0,2003,0.0,1,2007,149233,2007.0,,,0
4089,D015212,,0.9910205006599426,0.9999988675117492,0.0,0.0,0.0,0.0,2004,0.0,1,2007,149233,2007.0,,,0
4089,D015212,,0.9910205006599426,0.9999988675117492,0.0,0.0,0.0,0.0,2005,0.0,1,2007,149233,2007.0,,,0
4089,D015212,,0.9910205006599426,0.9999988675117492,0.0,0.0,0.0,0.0,2006,0.0,1,2007,149233,2007.0,,,0
4089,D015212,,0.9910205006599426,0.9999988675117492,0.0,0.0,0.0,0.0,2007,0.0,1,2007,149233,2007.0,,,0
4089,D015212,,0.9910205006599426,0.9999988675117492,0.0,0.0,0.0,0.0,2008,1.0,1,2007,149233,2007.0,,,1
4089,D015212,,0.9910205006599426,0.9999988675117492,0.0,0.0,0.0,0.0,2009,0.0,1,2007,149233,2007.0,,,0
4089,D015212,,0.9910205006599426,0.9999988675117492,0.0,0.0,0.0,0.0,2010,0.0,1,2007,149233,2007.0,,,0
4089,D015212,,0.9910205006599426,0.9999988675117492,0.0,0.0,0.0,0.0,2011,0.0,1,2007,149233,2007.0,,,0
4089,D015212,,0.9910205006599426,0.9999988675117492,0.0,0.0,0.0,0.0,2012,0.0,1,2007,149233,2007.0,,,0
4089,D015212,,0.9910205006599426,0.9999988675117492,0.0,0.0,0.0,0.0,2013,0.0,1,2007,149233,2007.0,,,0
4089,D015212,,0.9910205006599426,0.9999988675117492,0.0,0.0,0.0,0.0,2014,0.0,1,2007,149233,2007.0,,,0
4089,D015212,,0.9910205006599426,0.9999988675117492,0.0,0.0,0.0,0.0,2015,0.0,1,2007,149233,2007.0,,,0
4089,D015212,,0.9910205006599426,0.9999988675117492,0.0,0.0,0.0,0.0,2016,0.0,1,2007,149233,2007.0,,,0
4089,D015212,,0.9910205006599426,0.9999988675117492,0.0,0.0,0.0,0.0,2017,0.0,1,2007,149233,2007.0,,,0
4089,D015212,,0.9910205006599426,0.9999988675117492,0.0,0.0,0.0,0.0,2018,0.0,1,2007,149233,2007.0,,,0
4089,D015212,,0.9910205006599426,0.9999988675117492,0.0,0.0,0.0,0.0,2019,0.0,1,2007,149233,2007.0,,,0
4089,D015212,,0.9910205006599426,0.9999988675117492,0.0,0.0,0.0,0.0,2020,0.0,1,2007,149233,2007.0,,,0
112744,D015212,,0.9946507215499878,0.9999935030937196,1.0,0.0,0.0,0.0,2000,0.0,2,2007,149233,,2007.0,,0
112744,D015212,,0.9946507215499878,0.9999935030937196,1.0,0.0,0.0,0.0,2001,0.0,2,2007,149233,,2007.0,,0
112744,D015212,,0.9946507215499878,0.9999935030937196,1.0,0.0,0.0,0.0,2002,0.0,2,2007,149233,,2007.0,,0
112744,D015212,,0.9946507215499878,0.9999935030937196,1.0,0.0,0.0,0.0,2003,0.0,2,2007,149233,,2007.0,,0
112744,D015212,,0.9946507215499878,0.9999935030937196,1.0,0.0,0.0,0.0,2004,0.0,2,2007,149233,,2007.0,,0
112744,D015212,,0.9946507215499878,0.9999935030937196,1.0,0.0,0.0,0.0,2005,0.0,2,2007,149233,,2007.0,,0
112744,D015212,,0.9946507215499878,0.9999935030937196,1.0,0.0,0.0,0.0,2006,0.0,2,2007,149233,,2007.0,,0
112744,D015212,,0.9946507215499878,0.9999935030937196,1.0,0.0,0.0,0.0,2007,0.0,2,2007,149233,,2007.0,,0
112744,D015212,,0.9946507215499878,0.9999935030937196,1.0,0.0,0.0,0.0,2008,0.0,2,2007,149233,,2007.0,,0
112744,D015212,,0.9946507215499878,0.9999935030937196,1.0,0.0,0.0,0.0,2009,2.0,2,2007,149233,,2007.0,,1
112744,D015212,,0.9946507215499878,0.9999935030937196,1.0,0.0,0.0,0.0,2010,0.0,2,2007,149233,,2007.0,,0
112744,D015212,,0.9946507215499878,0.9999935030937196,1.0,0.0,0.0,0.0,2011,2.0,2,2007,149233,,2007.0,,1
112744,D015212,,0.9946507215499878,0.9999935030937196,1.0,0.0,0.0,0.0,2012,1.0,2,2007,149233,,2007.0,,1
112744,D015212,,0.9946507215499878,0.9999935030937196,1.0,0.0,0.0,0.0,2013,1.0,2,2007,149233,,2007.0,,1
112744,D015212,,0.9946507215499878,0.9999935030937196,1.0,0.0,0.0,0.0,2014,1.0,2,2007,149233,,2007.0,,1
112744,D015212,,0.9946507215499878,0.9999935030937196,1.0,0.0,0.0,0.0,2015,0.0,2,2007,149233,,2007.0,,0
112744,D015212,,0.9946507215499878,0.9999935030937196,1.0,0.0,0.0,0.0,2016,1.0,2,2007,149233,,2007.0,,1
112744,D015212,,0.9946507215499878,0.9999935030937196,1.0,0.0,0.0,0.0,2017,4.0,2,2007,149233,,2007.0,,1
112744,D015212,,0.9946507215499878,0.9999935030937196,1.0,0.0,0.0,0.0,2018,4.0,2,2007,149233,,2007.0,,1
112744,D015212,,0.9946507215499878,0.9999935030937196,1.0,0.0,0.0,0.0,2019,3.0,2,2007,149233,,2007.0,,1
112744,D015212,,0.9946507215499878,0.9999935030937196,1.0,0.0,0.0,0.0,2020,7.0,2,2007,149233,,2007.0,,1
7046,D015212,,0.998265266418457,0.9999985694885254,0.0,0.0,0.0,0.0,2000,0.0,2,2007,149233,,2007.0,,0
7046,D015212,,0.998265266418457,0.9999985694885254,0.0,0.0,0.0,0.0,2001,0.0,2,2007,149233,,2007.0,,0
7046,D015212,,0.998265266418457,0.9999985694885254,0.0,0.0,0.0,0.0,2002,0.0,2,2007,149233,,2007.0,,0
7046,D015212,,0.998265266418457,0.9999985694885254,0.0,0.0,0.0,0.0,2003,0.0,2,2007,149233,,2007.0,,0
7046,D015212,,0.998265266418457,0.9999985694885254,0.0,0.0,0.0,0.0,2004,0.0,2,2007,149233,,2007.0,,0
7046,D015212,,0.998265266418457,0.9999985694885254,0.0,0.0,0.0,0.0,2005,0.0,2,2007,149233,,2007.0,,0
7046,D015212,,0.998265266418457,0.9999985694885254,0.0,0.0,0.0,0.0,2006,0.0,2,2007,149233,,2007.0,,0
7046,D015212,,0.998265266418457,0.9999985694885254,0.0,0.0,0.0,0.0,2007,0.0,2,2007,149233,,2007.0,,0
7046,D015212,,0.998265266418457,0.9999985694885254,0.0,0.0,0.0,0.0,2008,0.0,2,2007,149233,,2007.0,,0
7046,D015212,,0.998265266418457,0.9999985694885254,0.0,0.0,0.0,0.0,2009,0.0,2,2007,149233,,2007.0,,0
7046,D015212,,0.998265266418457,0.9999985694885254,0.0,0.0,0.0,0.0,2010,1.0,2,2007,149233,,2007.0,,1
7046,D015212,,0.998265266418457,0.9999985694885254,0.0,0.0,0.0,0.0,2011,0.0,2,2007,149233,,2007.0,,0
7046,D015212,,0.998265266418457,0.9999985694885254,0.0,0.0,0.0,0.0,2012,0.0,2,2007,149233,,2007.0,,0
7046,D015212,,0.998265266418457,0.9999985694885254,0.0,0.0,0.0,0.0,2013,0.0,2,2007,149233,,2007.0,,0
7046,D015212,,0.998265266418457,0.9999985694885254,0.0,0.0,0.0,0.0,2014,0.0,2,2007,149233,,2007.0,,0
7046,D015212,,0.998265266418457,0.9999985694885254,0.0,0.0,0.0,0.0,2015,0.0,2,2007,149233,,2007.0,,0
7046,D015212,,0.998265266418457,0.9999985694885254,0.0,0.0,0.0,0.0,2016,0.0,2,2007,149233,,2007.0,,0
7046,D015212,,0.998265266418457,0.9999985694885254,0.0,0.0,0.0,0.0,2017,1.0,2,2007,149233,,2007.0,,1
7046,D015212,,0.998265266418457,0.9999985694885254,0.0,0.0,0.0,0.0,2018,0.0,2,2007,149233,,2007.0,,0
7046,D015212,,0.998265266418457,0.9999985694885254,0.0,0.0,0.0,0.0,2019,1.0,2,2007,149233,,2007.0,,1
7046,D015212,,0.998265266418457,0.9999985694885254,0.0,0.0,0.0,0.0,2020,0.0,2,2007,149233,,2007.0,,0
4773,D015212,,0.9931232333183287,0.9999973177909852,2.0,1.0,0.0,0.0,2000,0.0,3,2007,149233,,,2007.0,0
4773,D015212,,0.9931232333183287,0.9999973177909852,2.0,1.0,0.0,0.0,2001,0.0,3,2007,149233,,,2007.0,0
4773,D015212,,0.9931232333183287,0.9999973177909852,2.0,1.0,0.0,0.0,2002,0.0,3,2007,149233,,,2007.0,0
4773,D015212,,0.9931232333183287,0.9999973177909852,2.0,1.0,0.0,0.0,2003,0.0,3,2007,149233,,,2007.0,0
4773,D015212,,0.9931232333183287,0.9999973177909852,2.0,1.0,0.0,0.0,2004,0.0,3,2007,149233,,,2007.0,0
4773,D015212,,0.9931232333183287,0.9999973177909852,2.0,1.0,0.0,0.0,2005,0.0,3,2007,149233,,,2007.0,0
4773,D015212,,0.9931232333183287,0.9999973177909852,2.0,1.0,0.0,0.0,2006,0.0,3,2007,149233,,,2007.0,0
4773,D015212,,0.9931232333183287,0.9999973177909852,2.0,1.0,0.0,0.0,2007,0.0,3,2007,149233,,,2007.0,0
4773,D015212,,0.9931232333183287,0.9999973177909852,2.0,1.0,0.0,0.0,2008,0.0,3,2007,149233,,,2007.0,0
4773,D015212,,0.9931232333183287,0.9999973177909852,2.0,1.0,0.0,0.0,2009,0.0,3,2007,149233,,,2007.0,0
4773,D015212,,0.9931232333183287,0.9999973177909852,2.0,1.0,0.0,0.0,2010,0.0,3,2007,149233,,,2007.0,0
4773,D015212,,0.9931232333183287,0.9999973177909852,2.0,1.0,0.0,0.0,2011,1.0,3,2007,149233,,,2007.0,1
4773,D015212,,0.9931232333183287,0.9999973177909852,2.0,1.0,0.0,0.0,2012,0.0,3,2007,149233,,,2007.0,0
4773,D015212,,0.9931232333183287,0.9999973177909852,2.0,1.0,0.0,0.0,2013,1.0,3,2007,149233,,,2007.0,1
4773,D015212,,0.9931232333183287,0.9999973177909852,2.0,1.0,0.0,0.0,2014,0.0,3,2007,149233,,,2007.0,0
4773,D015212,,0.9931232333183287,0.9999973177909852,2.0,1.0,0.0,0.0,2015,0.0,3,2007,149233,,,2007.0,0
4773,D015212,,0.9931232333183287,0.9999973177909852,2.0,1.0,0.0,0.0,2016,1.0,3,2007,149233,,,2007.0,1
4773,D015212,,0.9931232333183287,0.9999973177909852,2.0,1.0,0.0,0.0,2017,1.0,3,2007,149233,,,2007.0,1
4773,D015212,,0.9931232333183287,0.9999973177909852,2.0,1.0,0.0,0.0,2018,0.0,3,2007,149233,,,2007.0,0
4773,D015212,,0.9931232333183287,0.9999973177909852,2.0,1.0,0.0,0.0,2019,1.0,3,2007,149233,,,2007.0,1
4773,D015212,,0.9931232333183287,0.9999973177909852,2.0,1.0,0.0,0.0,2020,0.0,3,2007,149233,,,2007.0,0
3091,D015212,,0.9930016994476318,0.9999890327453612,0.0,0.0,0.0,0.0,2000,0.0,2,2007,149233,,2007.0,,0
3091,D015212,,0.9930016994476318,0.9999890327453612,0.0,0.0,0.0,0.0,2001,0.0,2,2007,149233,,2007.0,,0
3091,D015212,,0.9930016994476318,0.9999890327453612,0.0,0.0,0.0,0.0,2002,0.0,2,2007,149233,,2007.0,,0
3091,D015212,,0.9930016994476318,0.9999890327453612,0.0,0.0,0.0,0.0,2003,0.0,2,2007,149233,,2007.0,,0
3091,D015212,,0.9930016994476318,0.9999890327453612,0.0,0.0,0.0,0.0,2004,0.0,2,2007,149233,,2007.0,,0
3091,D015212,,0.9930016994476318,0.9999890327453612,0.0,0.0,0.0,0.0,2005,0.0,2,2007,149233,,2007.0,,0
3091,D015212,,0.9930016994476318,0.9999890327453612,0.0,0.0,0.0,0.0,2006,0.0,2,2007,149233,,2007.0,,0
3091,D015212,,0.9930016994476318,0.9999890327453612,0.0,0.0,0.0,0.0,2007,0.0,2,2007,149233,,2007.0,,0
3091,D015212,,0.9930016994476318,0.9999890327453612,0.0,0.0,0.0,0.0,2008,0.0,2,2007,149233,,2007.0,,0
3091,D015212,,0.9930016994476318,0.9999890327453612,0.0,0.0,0.0,0.0,2009,0.0,2,2007,149233,,2007.0,,0
3091,D015212,,0.9930016994476318,0.9999890327453612,0.0,0.0,0.0,0.0,2010,0.0,2,2007,149233,,2007.0,,0
3091,D015212,,0.9930016994476318,0.9999890327453612,0.0,0.0,0.0,0.0,2011,0.0,2,2007,149233,,2007.0,,0
3091,D015212,,0.9930016994476318,0.9999890327453612,0.0,0.0,0.0,0.0,2012,4.0,2,2007,149233,,2007.0,,1
3091,D015212,,0.9930016994476318,0.9999890327453612,0.0,0.0,0.0,0.0,2013,2.0,2,2007,149233,,2007.0,,1
3091,D015212,,0.9930016994476318,0.9999890327453612,0.0,0.0,0.0,0.0,2014,1.0,2,2007,149233,,2007.0,,1
3091,D015212,,0.9930016994476318,0.9999890327453612,0.0,0.0,0.0,0.0,2015,0.0,2,2007,149233,,2007.0,,0
3091,D015212,,0.9930016994476318,0.9999890327453612,0.0,0.0,0.0,0.0,2016,1.0,2,2007,149233,,2007.0,,1
3091,D015212,,0.9930016994476318,0.9999890327453612,0.0,0.0,0.0,0.0,2017,0.0,2,2007,149233,,2007.0,,0
3091,D015212,,0.9930016994476318,0.9999890327453612,0.0,0.0,0.0,0.0,2018,2.0,2,2007,149233,,2007.0,,1
3091,D015212,,0.9930016994476318,0.9999890327453612,0.0,0.0,0.0,0.0,2019,3.0,2,2007,149233,,2007.0,,1
3091,D015212,,0.9930016994476318,0.9999890327453612,0.0,0.0,0.0,0.0,2020,1.0,2,2007,149233,,2007.0,,1
3594,D015212,,0.9971227645874025,0.9999983310699464,1.0,1.0,2.0,0.0,2000,0.0,2,2007,149233,,2007.0,,0
3594,D015212,,0.9971227645874025,0.9999983310699464,1.0,1.0,2.0,0.0,2001,0.0,2,2007,149233,,2007.0,,0
3594,D015212,,0.9971227645874025,0.9999983310699464,1.0,1.0,2.0,0.0,2002,0.0,2,2007,149233,,2007.0,,0
3594,D015212,,0.9971227645874025,0.9999983310699464,1.0,1.0,2.0,0.0,2003,0.0,2,2007,149233,,2007.0,,0
3594,D015212,,0.9971227645874025,0.9999983310699464,1.0,1.0,2.0,0.0,2004,0.0,2,2007,149233,,2007.0,,0
3594,D015212,,0.9971227645874025,0.9999983310699464,1.0,1.0,2.0,0.0,2005,0.0,2,2007,149233,,2007.0,,0
3594,D015212,,0.9971227645874025,0.9999983310699464,1.0,1.0,2.0,0.0,2006,0.0,2,2007,149233,,2007.0,,0
3594,D015212,,0.9971227645874025,0.9999983310699464,1.0,1.0,2.0,0.0,2007,0.0,2,2007,149233,,2007.0,,0
3594,D015212,,0.9971227645874025,0.9999983310699464,1.0,1.0,2.0,0.0,2008,0.0,2,2007,149233,,2007.0,,0
3594,D015212,,0.9971227645874025,0.9999983310699464,1.0,1.0,2.0,0.0,2009,0.0,2,2007,149233,,2007.0,,0
3594,D015212,,0.9971227645874025,0.9999983310699464,1.0,1.0,2.0,0.0,2010,0.0,2,2007,149233,,2007.0,,0
3594,D015212,,0.9971227645874025,0.9999983310699464,1.0,1.0,2.0,0.0,2011,0.0,2,2007,149233,,2007.0,,0
3594,D015212,,0.9971227645874025,0.9999983310699464,1.0,1.0,2.0,0.0,2012,0.0,2,2007,149233,,2007.0,,0
3594,D015212,,0.9971227645874025,0.9999983310699464,1.0,1.0,2.0,0.0,2013,1.0,2,2007,149233,,2007.0,,1
3594,D015212,,0.9971227645874025,0.9999983310699464,1.0,1.0,2.0,0.0,2014,2.0,2,2007,149233,,2007.0,,1
3594,D015212,,0.9971227645874025,0.9999983310699464,1.0,1.0,2.0,0.0,2015,4.0,2,2007,149233,,2007.0,,1
3594,D015212,,0.9971227645874025,0.9999983310699464,1.0,1.0,2.0,0.0,2016,0.0,2,2007,149233,,2007.0,,0
3594,D015212,,0.9971227645874025,0.9999983310699464,1.0,1.0,2.0,0.0,2017,0.0,2,2007,149233,,2007.0,,0
3594,D015212,,0.9971227645874025,0.9999983310699464,1.0,1.0,2.0,0.0,2018,0.0,2,2007,149233,,2007.0,,0
3594,D015212,,0.9971227645874025,0.9999983310699464,1.0,1.0,2.0,0.0,2019,0.0,2,2007,149233,,2007.0,,0
3594,D015212,,0.9971227645874025,0.9999983310699464,1.0,1.0,2.0,0.0,2020,0.0,2,2007,149233,,2007.0,,0
6778,D015212,,0.9989226460456848,0.9999983310699464,2.0,0.0,4.0,0.0,2000,0.0,3,2007,149233,,,2007.0,0
6778,D015212,,0.9989226460456848,0.9999983310699464,2.0,0.0,4.0,0.0,2001,0.0,3,2007,149233,,,2007.0,0
6778,D015212,,0.9989226460456848,0.9999983310699464,2.0,0.0,4.0,0.0,2002,0.0,3,2007,149233,,,2007.0,0
6778,D015212,,0.9989226460456848,0.9999983310699464,2.0,0.0,4.0,0.0,2003,0.0,3,2007,149233,,,2007.0,0
6778,D015212,,0.9989226460456848,0.9999983310699464,2.0,0.0,4.0,0.0,2004,0.0,3,2007,149233,,,2007.0,0
6778,D015212,,0.9989226460456848,0.9999983310699464,2.0,0.0,4.0,0.0,2005,0.0,3,2007,149233,,,2007.0,0
6778,D015212,,0.9989226460456848,0.9999983310699464,2.0,0.0,4.0,0.0,2006,0.0,3,2007,149233,,,2007.0,0
6778,D015212,,0.9989226460456848,0.9999983310699464,2.0,0.0,4.0,0.0,2007,0.0,3,2007,149233,,,2007.0,0
6778,D015212,,0.9989226460456848,0.9999983310699464,2.0,0.0,4.0,0.0,2008,0.0,3,2007,149233,,,2007.0,0
6778,D015212,,0.9989226460456848,0.9999983310699464,2.0,0.0,4.0,0.0,2009,0.0,3,2007,149233,,,2007.0,0
6778,D015212,,0.9989226460456848,0.9999983310699464,2.0,0.0,4.0,0.0,2010,0.0,3,2007,149233,,,2007.0,0
6778,D015212,,0.9989226460456848,0.9999983310699464,2.0,0.0,4.0,0.0,2011,0.0,3,2007,149233,,,2007.0,0
6778,D015212,,0.9989226460456848,0.9999983310699464,2.0,0.0,4.0,0.0,2012,0.0,3,2007,149233,,,2007.0,0
6778,D015212,,0.9989226460456848,0.9999983310699464,2.0,0.0,4.0,0.0,2013,0.0,3,2007,149233,,,2007.0,0
6778,D015212,,0.9989226460456848,0.9999983310699464,2.0,0.0,4.0,0.0,2014,0.0,3,2007,149233,,,2007.0,0
6778,D015212,,0.9989226460456848,0.9999983310699464,2.0,0.0,4.0,0.0,2015,1.0,3,2007,149233,,,2007.0,1
6778,D015212,,0.9989226460456848,0.9999983310699464,2.0,0.0,4.0,0.0,2016,0.0,3,2007,149233,,,2007.0,0
6778,D015212,,0.9989226460456848,0.9999983310699464,2.0,0.0,4.0,0.0,2017,0.0,3,2007,149233,,,2007.0,0
6778,D015212,,0.9989226460456848,0.9999983310699464,2.0,0.0,4.0,0.0,2018,0.0,3,2007,149233,,,2007.0,0
6778,D015212,,0.9989226460456848,0.9999983310699464,2.0,0.0,4.0,0.0,2019,0.0,3,2007,149233,,,2007.0,0
6778,D015212,,0.9989226460456848,0.9999983310699464,2.0,0.0,4.0,0.0,2020,0.0,3,2007,149233,,,2007.0,0
861,D015212,,0.9984732866287231,0.999995768070221,0.0,0.0,0.0,0.0,2000,0.0,3,2007,149233,,,2007.0,0
861,D015212,,0.9984732866287231,0.999995768070221,0.0,0.0,0.0,0.0,2001,0.0,3,2007,149233,,,2007.0,0
861,D015212,,0.9984732866287231,0.999995768070221,0.0,0.0,0.0,0.0,2002,0.0,3,2007,149233,,,2007.0,0
861,D015212,,0.9984732866287231,0.999995768070221,0.0,0.0,0.0,0.0,2003,0.0,3,2007,149233,,,2007.0,0
861,D015212,,0.9984732866287231,0.999995768070221,0.0,0.0,0.0,0.0,2004,0.0,3,2007,149233,,,2007.0,0
861,D015212,,0.9984732866287231,0.999995768070221,0.0,0.0,0.0,0.0,2005,0.0,3,2007,149233,,,2007.0,0
861,D015212,,0.9984732866287231,0.999995768070221,0.0,0.0,0.0,0.0,2006,0.0,3,2007,149233,,,2007.0,0
861,D015212,,0.9984732866287231,0.999995768070221,0.0,0.0,0.0,0.0,2007,0.0,3,2007,149233,,,2007.0,0
861,D015212,,0.9984732866287231,0.999995768070221,0.0,0.0,0.0,0.0,2008,0.0,3,2007,149233,,,2007.0,0
861,D015212,,0.9984732866287231,0.999995768070221,0.0,0.0,0.0,0.0,2009,0.0,3,2007,149233,,,2007.0,0
861,D015212,,0.9984732866287231,0.999995768070221,0.0,0.0,0.0,0.0,2010,0.0,3,2007,149233,,,2007.0,0
861,D015212,,0.9984732866287231,0.999995768070221,0.0,0.0,0.0,0.0,2011,0.0,3,2007,149233,,,2007.0,0
861,D015212,,0.9984732866287231,0.999995768070221,0.0,0.0,0.0,0.0,2012,0.0,3,2007,149233,,,2007.0,0
861,D015212,,0.9984732866287231,0.999995768070221,0.0,0.0,0.0,0.0,2013,0.0,3,2007,149233,,,2007.0,0
861,D015212,,0.9984732866287231,0.999995768070221,0.0,0.0,0.0,0.0,2014,0.0,3,2007,149233,,,2007.0,0
861,D015212,,0.9984732866287231,0.999995768070221,0.0,0.0,0.0,0.0,2015,0.0,3,2007,149233,,,2007.0,0
861,D015212,,0.9984732866287231,0.999995768070221,0.0,0.0,0.0,0.0,2016,1.0,3,2007,149233,,,2007.0,1
861,D015212,,0.9984732866287231,0.999995768070221,0.0,0.0,0.0,0.0,2017,0.0,3,2007,149233,,,2007.0,0
861,D015212,,0.9984732866287231,0.999995768070221,0.0,0.0,0.0,0.0,2018,0.0,3,2007,149233,,,2007.0,0
861,D015212,,0.9984732866287231,0.999995768070221,0.0,0.0,0.0,0.0,2019,1.0,3,2007,149233,,,2007.0,1
861,D015212,,0.9984732866287231,0.999995768070221,0.0,0.0,0.0,0.0,2020,0.0,3,2007,149233,,,2007.0,0
4087,D015212,,0.9940453767776488,0.9936148524284364,0.0,0.0,1.0,0.0,2000,0.0,1,2007,149233,2007.0,,,0
4087,D015212,,0.9940453767776488,0.9936148524284364,0.0,0.0,1.0,0.0,2001,0.0,1,2007,149233,2007.0,,,0
4087,D015212,,0.9940453767776488,0.9936148524284364,0.0,0.0,1.0,0.0,2002,0.0,1,2007,149233,2007.0,,,0
4087,D015212,,0.9940453767776488,0.9936148524284364,0.0,0.0,1.0,0.0,2003,0.0,1,2007,149233,2007.0,,,0
4087,D015212,,0.9940453767776488,0.9936148524284364,0.0,0.0,1.0,0.0,2004,0.0,1,2007,149233,2007.0,,,0
4087,D015212,,0.9940453767776488,0.9936148524284364,0.0,0.0,1.0,0.0,2005,0.0,1,2007,149233,2007.0,,,0
4087,D015212,,0.9940453767776488,0.9936148524284364,0.0,0.0,1.0,0.0,2006,0.0,1,2007,149233,2007.0,,,0
4087,D015212,,0.9940453767776488,0.9936148524284364,0.0,0.0,1.0,0.0,2007,0.0,1,2007,149233,2007.0,,,0
4087,D015212,,0.9940453767776488,0.9936148524284364,0.0,0.0,1.0,0.0,2008,0.0,1,2007,149233,2007.0,,,0
4087,D015212,,0.9940453767776488,0.9936148524284364,0.0,0.0,1.0,0.0,2009,0.0,1,2007,149233,2007.0,,,0
4087,D015212,,0.9940453767776488,0.9936148524284364,0.0,0.0,1.0,0.0,2010,0.0,1,2007,149233,2007.0,,,0
4087,D015212,,0.9940453767776488,0.9936148524284364,0.0,0.0,1.0,0.0,2011,0.0,1,2007,149233,2007.0,,,0
4087,D015212,,0.9940453767776488,0.9936148524284364,0.0,0.0,1.0,0.0,2012,0.0,1,2007,149233,2007.0,,,0
4087,D015212,,0.9940453767776488,0.9936148524284364,0.0,0.0,1.0,0.0,2013,0.0,1,2007,149233,2007.0,,,0
4087,D015212,,0.9940453767776488,0.9936148524284364,0.0,0.0,1.0,0.0,2014,0.0,1,2007,149233,2007.0,,,0
4087,D015212,,0.9940453767776488,0.9936148524284364,0.0,0.0,1.0,0.0,2015,0.0,1,2007,149233,2007.0,,,0
4087,D015212,,0.9940453767776488,0.9936148524284364,0.0,0.0,1.0,0.0,2016,0.0,1,2007,149233,2007.0,,,0
4087,D015212,,0.9940453767776488,0.9936148524284364,0.0,0.0,1.0,0.0,2017,1.0,1,2007,149233,2007.0,,,1
4087,D015212,,0.9940453767776488,0.9936148524284364,0.0,0.0,1.0,0.0,2018,0.0,1,2007,149233,2007.0,,,0
4087,D015212,,0.9940453767776488,0.9936148524284364,0.0,0.0,1.0,0.0,2019,0.0,1,2007,149233,2007.0,,,0
4087,D015212,,0.9940453767776488,0.9936148524284364,0.0,0.0,1.0,0.0,2020,0.0,1,2007,149233,2007.0,,,0
50943,D015212,,0.9984787106513976,0.9999991655349731,0.0,0.0,0.0,0.0,2000,0.0,2,2007,149233,,2007.0,,0
50943,D015212,,0.9984787106513976,0.9999991655349731,0.0,0.0,0.0,0.0,2001,0.0,2,2007,149233,,2007.0,,0
50943,D015212,,0.9984787106513976,0.9999991655349731,0.0,0.0,0.0,0.0,2002,0.0,2,2007,149233,,2007.0,,0
50943,D015212,,0.9984787106513976,0.9999991655349731,0.0,0.0,0.0,0.0,2003,0.0,2,2007,149233,,2007.0,,0
50943,D015212,,0.9984787106513976,0.9999991655349731,0.0,0.0,0.0,0.0,2004,0.0,2,2007,149233,,2007.0,,0
50943,D015212,,0.9984787106513976,0.9999991655349731,0.0,0.0,0.0,0.0,2005,0.0,2,2007,149233,,2007.0,,0
50943,D015212,,0.9984787106513976,0.9999991655349731,0.0,0.0,0.0,0.0,2006,0.0,2,2007,149233,,2007.0,,0
50943,D015212,,0.9984787106513976,0.9999991655349731,0.0,0.0,0.0,0.0,2007,0.0,2,2007,149233,,2007.0,,0
50943,D015212,,0.9984787106513976,0.9999991655349731,0.0,0.0,0.0,0.0,2008,0.0,2,2007,149233,,2007.0,,0
50943,D015212,,0.9984787106513976,0.9999991655349731,0.0,0.0,0.0,0.0,2009,0.0,2,2007,149233,,2007.0,,0
50943,D015212,,0.9984787106513976,0.9999991655349731,0.0,0.0,0.0,0.0,2010,0.0,2,2007,149233,,2007.0,,0
50943,D015212,,0.9984787106513976,0.9999991655349731,0.0,0.0,0.0,0.0,2011,0.0,2,2007,149233,,2007.0,,0
50943,D015212,,0.9984787106513976,0.9999991655349731,0.0,0.0,0.0,0.0,2012,0.0,2,2007,149233,,2007.0,,0
50943,D015212,,0.9984787106513976,0.9999991655349731,0.0,0.0,0.0,0.0,2013,0.0,2,2007,149233,,2007.0,,0
50943,D015212,,0.9984787106513976,0.9999991655349731,0.0,0.0,0.0,0.0,2014,0.0,2,2007,149233,,2007.0,,0
50943,D015212,,0.9984787106513976,0.9999991655349731,0.0,0.0,0.0,0.0,2015,0.0,2,2007,149233,,2007.0,,0
50943,D015212,,0.9984787106513976,0.9999991655349731,0.0,0.0,0.0,0.0,2016,0.0,2,2007,149233,,2007.0,,0
50943,D015212,,0.9984787106513976,0.9999991655349731,0.0,0.0,0.0,0.0,2017,2.0,2,2007,149233,,2007.0,,1
50943,D015212,,0.9984787106513976,0.9999991655349731,0.0,0.0,0.0,0.0,2018,2.0,2,2007,149233,,2007.0,,1
50943,D015212,,0.9984787106513976,0.9999991655349731,0.0,0.0,0.0,0.0,2019,0.0,2,2007,149233,,2007.0,,0
50943,D015212,,0.9984787106513976,0.9999991655349731,0.0,0.0,0.0,0.0,2020,0.0,2,2007,149233,,2007.0,,0
3561,D015212,,0.99494868516922,0.9999973177909852,0.0,1.0,0.0,0.0,2000,0.0,2,2007,149233,,2007.0,,0
3561,D015212,,0.99494868516922,0.9999973177909852,0.0,1.0,0.0,0.0,2001,0.0,2,2007,149233,,2007.0,,0
3561,D015212,,0.99494868516922,0.9999973177909852,0.0,1.0,0.0,0.0,2002,0.0,2,2007,149233,,2007.0,,0
3561,D015212,,0.99494868516922,0.9999973177909852,0.0,1.0,0.0,0.0,2003,0.0,2,2007,149233,,2007.0,,0
3561,D015212,,0.99494868516922,0.9999973177909852,0.0,1.0,0.0,0.0,2004,0.0,2,2007,149233,,2007.0,,0
3561,D015212,,0.99494868516922,0.9999973177909852,0.0,1.0,0.0,0.0,2005,0.0,2,2007,149233,,2007.0,,0
3561,D015212,,0.99494868516922,0.9999973177909852,0.0,1.0,0.0,0.0,2006,0.0,2,2007,149233,,2007.0,,0
3561,D015212,,0.99494868516922,0.9999973177909852,0.0,1.0,0.0,0.0,2007,0.0,2,2007,149233,,2007.0,,0
3561,D015212,,0.99494868516922,0.9999973177909852,0.0,1.0,0.0,0.0,2008,0.0,2,2007,149233,,2007.0,,0
3561,D015212,,0.99494868516922,0.9999973177909852,0.0,1.0,0.0,0.0,2009,0.0,2,2007,149233,,2007.0,,0
3561,D015212,,0.99494868516922,0.9999973177909852,0.0,1.0,0.0,0.0,2010,0.0,2,2007,149233,,2007.0,,0
3561,D015212,,0.99494868516922,0.9999973177909852,0.0,1.0,0.0,0.0,2011,0.0,2,2007,149233,,2007.0,,0
3561,D015212,,0.99494868516922,0.9999973177909852,0.0,1.0,0.0,0.0,2012,0.0,2,2007,149233,,2007.0,,0
3561,D015212,,0.99494868516922,0.9999973177909852,0.0,1.0,0.0,0.0,2013,0.0,2,2007,149233,,2007.0,,0
3561,D015212,,0.99494868516922,0.9999973177909852,0.0,1.0,0.0,0.0,2014,0.0,2,2007,149233,,2007.0,,0
3561,D015212,,0.99494868516922,0.9999973177909852,0.0,1.0,0.0,0.0,2015,0.0,2,2007,149233,,2007.0,,0
3561,D015212,,0.99494868516922,0.9999973177909852,0.0,1.0,0.0,0.0,2016,0.0,2,2007,149233,,2007.0,,0
3561,D015212,,0.99494868516922,0.9999973177909852,0.0,1.0,0.0,0.0,2017,0.0,2,2007,149233,,2007.0,,0
3561,D015212,,0.99494868516922,0.9999973177909852,0.0,1.0,0.0,0.0,2018,1.0,2,2007,149233,,2007.0,,1
3561,D015212,,0.99494868516922,0.9999973177909852,0.0,1.0,0.0,0.0,2019,1.0,2,2007,149233,,2007.0,,1
3561,D015212,,0.99494868516922,0.9999973177909852,0.0,1.0,0.0,0.0,2020,0.0,2,2007,149233,,2007.0,,0
3570,D015212,2016.0,0.9984289407730104,0.999998152256012,1.0,0.0,2.0,2.0,2000,2.0,2,2007,149233,,2007.0,,1
3570,D015212,2016.0,0.9984289407730104,0.999998152256012,1.0,0.0,2.0,2.0,2001,2.0,2,2007,149233,,2007.0,,1
3570,D015212,2016.0,0.9984289407730104,0.999998152256012,1.0,0.0,2.0,2.0,2002,0.0,2,2007,149233,,2007.0,,0
3570,D015212,2016.0,0.9984289407730104,0.999998152256012,1.0,0.0,2.0,2.0,2003,1.0,2,2007,149233,,2007.0,,1
3570,D015212,2016.0,0.9984289407730104,0.999998152256012,1.0,0.0,2.0,2.0,2004,1.0,2,2007,149233,,2007.0,,1
3570,D015212,2016.0,0.9984289407730104,0.999998152256012,1.0,0.0,2.0,2.0,2005,0.0,2,2007,149233,,2007.0,,0
3570,D015212,2016.0,0.9984289407730104,0.999998152256012,1.0,0.0,2.0,2.0,2006,0.0,2,2007,149233,,2007.0,,0
3570,D015212,2016.0,0.9984289407730104,0.999998152256012,1.0,0.0,2.0,2.0,2007,0.0,2,2007,149233,,2007.0,,0
3570,D015212,2016.0,0.9984289407730104,0.999998152256012,1.0,0.0,2.0,2.0,2008,0.0,2,2007,149233,,2007.0,,0
3570,D015212,2016.0,0.9984289407730104,0.999998152256012,1.0,0.0,2.0,2.0,2009,0.0,2,2007,149233,,2007.0,,0
3570,D015212,2016.0,0.9984289407730104,0.999998152256012,1.0,0.0,2.0,2.0,2010,1.0,2,2007,149233,,2007.0,,1
3570,D015212,2016.0,0.9984289407730104,0.999998152256012,1.0,0.0,2.0,2.0,2011,0.0,2,2007,149233,,2007.0,,0
3570,D015212,2016.0,0.9984289407730104,0.999998152256012,1.0,0.0,2.0,2.0,2012,1.0,2,2007,149233,,2007.0,,1
3570,D015212,2016.0,0.9984289407730104,0.999998152256012,1.0,0.0,2.0,2.0,2013,3.0,2,2007,149233,,2007.0,,1
3570,D015212,2016.0,0.9984289407730104,0.999998152256012,1.0,0.0,2.0,2.0,2014,1.0,2,2007,149233,,2007.0,,1
3570,D015212,2016.0,0.9984289407730104,0.999998152256012,1.0,0.0,2.0,2.0,2015,3.0,2,2007,149233,,2007.0,,1
3570,D015212,2016.0,0.9984289407730104,0.999998152256012,1.0,0.0,2.0,2.0,2016,2.0,2,2007,149233,,2007.0,,1
3570,D015212,2016.0,0.9984289407730104,0.999998152256012,1.0,0.0,2.0,2.0,2017,5.0,2,2007,149233,,2007.0,,1
3570,D015212,2016.0,0.9984289407730104,0.999998152256012,1.0,0.0,2.0,2.0,2018,3.0,2,2007,149233,,2007.0,,1
3570,D015212,2016.0,0.9984289407730104,0.999998152256012,1.0,0.0,2.0,2.0,2019,0.0,2,2007,149233,,2007.0,,0
3570,D015212,2016.0,0.9984289407730104,0.999998152256012,1.0,0.0,2.0,2.0,2020,6.0,2,2007,149233,,2007.0,,1
6774,D015212,2008.0,0.9951329231262208,0.9999990463256836,0.0,0.0,0.0,0.0,2000,0.0,1,2007,149233,2007.0,,,0
6774,D015212,2008.0,0.9951329231262208,0.9999990463256836,0.0,0.0,0.0,0.0,2001,0.0,1,2007,149233,2007.0,,,0
6774,D015212,2008.0,0.9951329231262208,0.9999990463256836,0.0,0.0,0.0,0.0,2002,0.0,1,2007,149233,2007.0,,,0
6774,D015212,2008.0,0.9951329231262208,0.9999990463256836,0.0,0.0,0.0,0.0,2003,0.0,1,2007,149233,2007.0,,,0
6774,D015212,2008.0,0.9951329231262208,0.9999990463256836,0.0,0.0,0.0,0.0,2004,0.0,1,2007,149233,2007.0,,,0
6774,D015212,2008.0,0.9951329231262208,0.9999990463256836,0.0,0.0,0.0,0.0,2005,0.0,1,2007,149233,2007.0,,,0
6774,D015212,2008.0,0.9951329231262208,0.9999990463256836,0.0,0.0,0.0,0.0,2006,1.0,1,2007,149233,2007.0,,,1
6774,D015212,2008.0,0.9951329231262208,0.9999990463256836,0.0,0.0,0.0,0.0,2007,0.0,1,2007,149233,2007.0,,,0
6774,D015212,2008.0,0.9951329231262208,0.9999990463256836,0.0,0.0,0.0,0.0,2008,0.0,1,2007,149233,2007.0,,,0
6774,D015212,2008.0,0.9951329231262208,0.9999990463256836,0.0,0.0,0.0,0.0,2009,0.0,1,2007,149233,2007.0,,,0
6774,D015212,2008.0,0.9951329231262208,0.9999990463256836,0.0,0.0,0.0,0.0,2010,0.0,1,2007,149233,2007.0,,,0
6774,D015212,2008.0,0.9951329231262208,0.9999990463256836,0.0,0.0,0.0,0.0,2011,0.0,1,2007,149233,2007.0,,,0
6774,D015212,2008.0,0.9951329231262208,0.9999990463256836,0.0,0.0,0.0,0.0,2012,0.0,1,2007,149233,2007.0,,,0
6774,D015212,2008.0,0.9951329231262208,0.9999990463256836,0.0,0.0,0.0,0.0,2013,1.0,1,2007,149233,2007.0,,,1
6774,D015212,2008.0,0.9951329231262208,0.9999990463256836,0.0,0.0,0.0,0.0,2014,3.0,1,2007,149233,2007.0,,,1
6774,D015212,2008.0,0.9951329231262208,0.9999990463256836,0.0,0.0,0.0,0.0,2015,1.0,1,2007,149233,2007.0,,,1
6774,D015212,2008.0,0.9951329231262208,0.9999990463256836,0.0,0.0,0.0,0.0,2016,1.0,1,2007,149233,2007.0,,,1
6774,D015212,2008.0,0.9951329231262208,0.9999990463256836,0.0,0.0,0.0,0.0,2017,0.0,1,2007,149233,2007.0,,,0
6774,D015212,2008.0,0.9951329231262208,0.9999990463256836,0.0,0.0,0.0,0.0,2018,2.0,1,2007,149233,2007.0,,,1
6774,D015212,2008.0,0.9951329231262208,0.9999990463256836,0.0,0.0,0.0,0.0,2019,3.0,1,2007,149233,2007.0,,,1
6774,D015212,2008.0,0.9951329231262208,0.9999990463256836,0.0,0.0,0.0,0.0,2020,5.0,1,2007,149233,2007.0,,,1
149233,D015212,2007.0,0.9984976053237916,0.9999992847442628,7.0,2.0,4.0,2.0,2000,0.0,0,2007,149233,,,,0
149233,D015212,2007.0,0.9984976053237916,0.9999992847442628,7.0,2.0,4.0,2.0,2001,0.0,0,2007,149233,,,,0
149233,D015212,2007.0,0.9984976053237916,0.9999992847442628,7.0,2.0,4.0,2.0,2002,0.0,0,2007,149233,,,,0
149233,D015212,2007.0,0.9984976053237916,0.9999992847442628,7.0,2.0,4.0,2.0,2003,0.0,0,2007,149233,,,,0
149233,D015212,2007.0,0.9984976053237916,0.9999992847442628,7.0,2.0,4.0,2.0,2004,0.0,0,2007,149233,,,,0
149233,D015212,2007.0,0.9984976053237916,0.9999992847442628,7.0,2.0,4.0,2.0,2005,0.0,0,2007,149233,,,,0
149233,D015212,2007.0,0.9984976053237916,0.9999992847442628,7.0,2.0,4.0,2.0,2006,0.0,0,2007,149233,,,,0
149233,D015212,2007.0,0.9984976053237916,0.9999992847442628,7.0,2.0,4.0,2.0,2007,0.0,0,2007,149233,,,,0
149233,D015212,2007.0,0.9984976053237916,0.9999992847442628,7.0,2.0,4.0,2.0,2008,0.0,0,2007,149233,,,,0
149233,D015212,2007.0,0.9984976053237916,0.9999992847442628,7.0,2.0,4.0,2.0,2009,0.0,0,2007,149233,,,,0
149233,D015212,2007.0,0.9984976053237916,0.9999992847442628,7.0,2.0,4.0,2.0,2010,0.0,0,2007,149233,,,,0
149233,D015212,2007.0,0.9984976053237916,0.9999992847442628,7.0,2.0,4.0,2.0,2011,0.0,0,2007,149233,,,,0
149233,D015212,2007.0,0.9984976053237916,0.9999992847442628,7.0,2.0,4.0,2.0,2012,1.0,0,2007,149233,,,,1
149233,D015212,2007.0,0.9984976053237916,0.9999992847442628,7.0,2.0,4.0,2.0,2013,2.0,0,2007,149233,,,,1
149233,D015212,2007.0,0.9984976053237916,0.9999992847442628,7.0,2.0,4.0,2.0,2014,1.0,0,2007,149233,,,,1
149233,D015212,2007.0,0.9984976053237916,0.9999992847442628,7.0,2.0,4.0,2.0,2015,3.0,0,2007,149233,,,,1
149233,D015212,2007.0,0.9984976053237916,0.9999992847442628,7.0,2.0,4.0,2.0,2016,2.0,0,2007,149233,,,,1
149233,D015212,2007.0,0.9984976053237916,0.9999992847442628,7.0,2.0,4.0,2.0,2017,2.0,0,2007,149233,,,,1
149233,D015212,2007.0,0.9984976053237916,0.9999992847442628,7.0,2.0,4.0,2.0,2018,4.0,0,2007,149233,,,,1
149233,D015212,2007.0,0.9984976053237916,0.9999992847442628,7.0,2.0,4.0,2.0,2019,3.0,0,2007,149233,,,,1
149233,D015212,2007.0,0.9984976053237916,0.9999992847442628,7.0,2.0,4.0,2.0,2020,1.0,0,2007,149233,,,,1
6097,D015212,2012.0,0.9976926445961,0.9999993443489076,0.0,1.0,0.0,0.0,2000,0.0,2,2007,149233,,2007.0,,0
6097,D015212,2012.0,0.9976926445961,0.9999993443489076,0.0,1.0,0.0,0.0,2001,0.0,2,2007,149233,,2007.0,,0
6097,D015212,2012.0,0.9976926445961,0.9999993443489076,0.0,1.0,0.0,0.0,2002,0.0,2,2007,149233,,2007.0,,0
6097,D015212,2012.0,0.9976926445961,0.9999993443489076,0.0,1.0,0.0,0.0,2003,0.0,2,2007,149233,,2007.0,,0
6097,D015212,2012.0,0.9976926445961,0.9999993443489076,0.0,1.0,0.0,0.0,2004,0.0,2,2007,149233,,2007.0,,0
6097,D015212,2012.0,0.9976926445961,0.9999993443489076,0.0,1.0,0.0,0.0,2005,0.0,2,2007,149233,,2007.0,,0
6097,D015212,2012.0,0.9976926445961,0.9999993443489076,0.0,1.0,0.0,0.0,2006,0.0,2,2007,149233,,2007.0,,0
6097,D015212,2012.0,0.9976926445961,0.9999993443489076,0.0,1.0,0.0,0.0,2007,0.0,2,2007,149233,,2007.0,,0
6097,D015212,2012.0,0.9976926445961,0.9999993443489076,0.0,1.0,0.0,0.0,2008,0.0,2,2007,149233,,2007.0,,0
6097,D015212,2012.0,0.9976926445961,0.9999993443489076,0.0,1.0,0.0,0.0,2009,0.0,2,2007,149233,,2007.0,,0
6097,D015212,2012.0,0.9976926445961,0.9999993443489076,0.0,1.0,0.0,0.0,2010,0.0,2,2007,149233,,2007.0,,0
6097,D015212,2012.0,0.9976926445961,0.9999993443489076,0.0,1.0,0.0,0.0,2011,0.0,2,2007,149233,,2007.0,,0
6097,D015212,2012.0,0.9976926445961,0.9999993443489076,0.0,1.0,0.0,0.0,2012,0.0,2,2007,149233,,2007.0,,0
6097,D015212,2012.0,0.9976926445961,0.9999993443489076,0.0,1.0,0.0,0.0,2013,1.0,2,2007,149233,,2007.0,,1
6097,D015212,2012.0,0.9976926445961,0.9999993443489076,0.0,1.0,0.0,0.0,2014,0.0,2,2007,149233,,2007.0,,0
6097,D015212,2012.0,0.9976926445961,0.9999993443489076,0.0,1.0,0.0,0.0,2015,1.0,2,2007,149233,,2007.0,,1
6097,D015212,2012.0,0.9976926445961,0.9999993443489076,0.0,1.0,0.0,0.0,2016,5.0,2,2007,149233,,2007.0,,1
6097,D015212,2012.0,0.9976926445961,0.9999993443489076,0.0,1.0,0.0,0.0,2017,11.0,2,2007,149233,,2007.0,,1
6097,D015212,2012.0,0.9976926445961,0.9999993443489076,0.0,1.0,0.0,0.0,2018,3.0,2,2007,149233,,2007.0,,1
6097,D015212,2012.0,0.9976926445961,0.9999993443489076,0.0,1.0,0.0,0.0,2019,11.0,2,2007,149233,,2007.0,,1
6097,D015212,2012.0,0.9976926445961,0.9999993443489076,0.0,1.0,0.0,0.0,2020,6.0,2,2007,149233,,2007.0,,1
4088,D015212,2010.0,0.9963523149490356,1.0,0.0,0.0,0.0,0.0,2000,0.0,1,2007,149233,2007.0,,,0
4088,D015212,2010.0,0.9963523149490356,1.0,0.0,0.0,0.0,0.0,2001,0.0,1,2007,149233,2007.0,,,0
4088,D015212,2010.0,0.9963523149490356,1.0,0.0,0.0,0.0,0.0,2002,0.0,1,2007,149233,2007.0,,,0
4088,D015212,2010.0,0.9963523149490356,1.0,0.0,0.0,0.0,0.0,2003,0.0,1,2007,149233,2007.0,,,0
4088,D015212,2010.0,0.9963523149490356,1.0,0.0,0.0,0.0,0.0,2004,0.0,1,2007,149233,2007.0,,,0
4088,D015212,2010.0,0.9963523149490356,1.0,0.0,0.0,0.0,0.0,2005,0.0,1,2007,149233,2007.0,,,0
4088,D015212,2010.0,0.9963523149490356,1.0,0.0,0.0,0.0,0.0,2006,0.0,1,2007,149233,2007.0,,,0
4088,D015212,2010.0,0.9963523149490356,1.0,0.0,0.0,0.0,0.0,2007,0.0,1,2007,149233,2007.0,,,0
4088,D015212,2010.0,0.9963523149490356,1.0,0.0,0.0,0.0,0.0,2008,0.0,1,2007,149233,2007.0,,,0
4088,D015212,2010.0,0.9963523149490356,1.0,0.0,0.0,0.0,0.0,2009,0.0,1,2007,149233,2007.0,,,0
4088,D015212,2010.0,0.9963523149490356,1.0,0.0,0.0,0.0,0.0,2010,0.0,1,2007,149233,2007.0,,,0
4088,D015212,2010.0,0.9963523149490356,1.0,0.0,0.0,0.0,0.0,2011,0.0,1,2007,149233,2007.0,,,0
4088,D015212,2010.0,0.9963523149490356,1.0,0.0,0.0,0.0,0.0,2012,0.0,1,2007,149233,2007.0,,,0
4088,D015212,2010.0,0.9963523149490356,1.0,0.0,0.0,0.0,0.0,2013,0.0,1,2007,149233,2007.0,,,0
4088,D015212,2010.0,0.9963523149490356,1.0,0.0,0.0,0.0,0.0,2014,0.0,1,2007,149233,2007.0,,,0
4088,D015212,2010.0,0.9963523149490356,1.0,0.0,0.0,0.0,0.0,2015,0.0,1,2007,149233,2007.0,,,0
4088,D015212,2010.0,0.9963523149490356,1.0,0.0,0.0,0.0,0.0,2016,0.0,1,2007,149233,2007.0,,,0
4088,D015212,2010.0,0.9963523149490356,1.0,0.0,0.0,0.0,0.0,2017,0.0,1,2007,149233,2007.0,,,0
4088,D015212,2010.0,0.9963523149490356,1.0,0.0,0.0,0.0,0.0,2018,0.0,1,2007,149233,2007.0,,,0
4088,D015212,2010.0,0.9963523149490356,1.0,0.0,0.0,0.0,0.0,2019,1.0,1,2007,149233,2007.0,,,1
4088,D015212,2010.0,0.9963523149490356,1.0,0.0,0.0,0.0,0.0,2020,1.0,1,2007,149233,2007.0,,,1
